No,Batch,Download?,Retrieval status,Classification now,Study,Design,Comparison,N,Duration,Population,Language,Used by reference MAs,Main record (Screen_ID),"Companion records (merge, do not count)",Link (main record),Title (main record),Notes / what to check at full text
1,BATCH 1 - Head-to-head RCTs used by the reference MAs,YES,NOT RETRIEVED,"INCLUDE on abstract: eligibility is clear (double-blind RCT, knee OA, topical vs oral, 4 wk). Qualitative synthesis only; the abstract has no numbers (""no significant differences"").",Dickson 1991,"RCT, double-blind, double-dummy, 23 GP centres",Piroxicam 0.5% gel vs oral ibuprofen 400 mg tid,235,4 wk,Knee OA (mild),English,Zeng 2021,S13654,,https://scholar.google.com/scholar?q=A%20double-blind%20evaluation%20of%20topical%20piroxicam%20gel%20with%20oral%20ibuprofen%20in%20osteoarthritis%20of%20the%20knee,A double-blind evaluation of topical piroxicam gel with oral ibuprofen in osteoarthritis of the knee,CSV sample_n=118 is one arm only; abstract states 235 randomised.
2,BATCH 1 - Head-to-head RCTs used by the reference MAs,YES,Retrieved,Full-text screening pending,Sandelin 1997,"RCT, double-blind",Eltenac gel vs oral diclofenac vs placebo gel,290,see full text,Knee OA,English,Zeng 2021; Wang 2022,S14932,,https://pubmed.ncbi.nlm.nih.gov/9310109/,Local NSAID gel (Eltenac) in the treatment of osteoarthritis of the knee: A double blind study comparing eltenac with oral diclofenac and placebo gel,Has placebo arm (anchors network).
3,BATCH 1 - Head-to-head RCTs used by the reference MAs,YES,Retrieved,Full-text screening pending,Tugwell 2004,"RCT, double-blind, double-dummy, equivalence",Topical diclofenac 1.5% in DMSO (Pennsaid) vs oral diclofenac,622,12 wk,Knee OA,English,Zeng 2021; Wang 2022; Wolff 2021,S21608,S20740 (2003 ARD abstract),https://pubmed.ncbi.nlm.nih.gov/15468367/,Equivalence study of a topical diclofenac solution (pennsaid) compared with oral diclofenac in symptomatic treatment of osteoarthritis of the knee: a randomized controlled trial.,
4,BATCH 1 - Head-to-head RCTs used by the reference MAs,YES,Retrieved,Full-text screening pending,Rother 2007,"RCT, double-blind, 3 arms",Ketoprofen in Transfersome (IDEA-033) vs oral celecoxib vs placebo,397,6 wk,Knee OA,English,Zeng 2021; Wang 2022; Wolff 2021,S19119,possibly S16986 (NCT00317733) - confirm,https://pubmed.ncbi.nlm.nih.gov/17363401/,Efficacy and safety of epicutaneous ketoprofen in transfersome (IDEA-033) versus oral celecoxib and placebo in osteoarthritis of the knee: Multicentre randomised controlled trial,Has placebo arm.
5,BATCH 1 - Head-to-head RCTs used by the reference MAs,YES,Retrieved,Full-text screening pending,Simon 2009,"RCT, double-blind, double-dummy, 5 arms",Topical diclofenac/DMSO vs DMSO vehicle vs placebo vs oral diclofenac vs TOPICAL+ORAL,775,12 wk,Knee OA,English,Zeng 2021; Wang 2022; Wolff 2021,S13265,S23676 (2008 abstract); probably S16905 (NCT00108992),https://pubmed.ncbi.nlm.nih.gov/19380203/,"Efficacy and safety of topical diclofenac containing dimethyl sulfoxide (DMSO) compared with those of topical placebo, DMSO vehicle and oral diclofenac for knee osteoarthritis",KEY trial: only double-blind trial with a topical+oral arm - connects the combination node to both topical and oral.
6,BATCH 1 - Head-to-head RCTs used by the reference MAs,YES,Retrieved,Full-text screening pending,Doi 2010,"RCT, open-label, multiclinic",NSAID plasters vs oral NSAIDs (top-3 Japanese products in each arm),165 analysed,4 wk,Knee OA (Japan),English,Wang 2022,S10579,S12587; S18936 (JPRN-C000000283 registration: patch NSAIDs vs top-3 oral NSAIDs),https://pubmed.ncbi.nlm.nih.gov/19806426/,Effect of nonsteroidal anti-inflammatory drug plasters for knee osteoarthritis in Japanese: A randomized controlled trial,Class-level comparison (several products per arm); open-label -> RoB.
7,BATCH 1 - Head-to-head RCTs used by the reference MAs,YES,Retrieved,Full-text screening pending,Tiso 2010,"RCT, pilot",Oral ibuprofen vs topical 4% ibuprofen gel,20 (per CSV),see full text,Chronic knee pain,English,Wang 2022,S04144,,https://pubmed.ncbi.nlm.nih.gov/20859315/,Oral versus topical ibuprofen for chronic knee pain: A prospective randomized pilot study,Very small pilot.
8,BATCH 1 - Head-to-head RCTs used by the reference MAs,YES,Retrieved,Full-text screening pending,Conaghan 2013,"RCT, double-blind, 6 arms",IDEA-033 ketoprofen (50/100 mg) vs TDT064 vehicle vs oral celecoxib 100 mg bid vs oral placebo,1395,12 wk,Knee OA,English,Zeng 2021; Wang 2022; Wolff 2021,S20992,"S21659 (EULAR 2013 abstract); S13479 (NCT00716547); probably S19025/S19590 (EUCTR2006-006298-26, Diractin two doses vs celecoxib vs placebo)",https://pubmed.ncbi.nlm.nih.gov/23542612/,"A multicentre, randomized, placebo- and active-controlled trial comparing the efficacy and safety of topical ketoprofen in Transfersome gel (IDEA-033) with ketoprofen-free vehicle (TDT 064) and oral celecoxib for knee pain associated with osteoarthritis",Largest trial. Has placebo arms.
9,BATCH 1 - Head-to-head RCTs used by the reference MAs,YES,Retrieved,Full-text screening pending,Mu 2016,"RCT, double-dummy, non-inferiority",Loxoprofen hydrogel patch vs loxoprofen tablet,169 (per 2013 abstract),see full text,Knee OA (China),English,Zeng 2021,S18896,S10033 (2013 IJRD abstract),https://pubmed.ncbi.nlm.nih.gov/24924603/,Efficacy and safety of loxoprofen hydrogel patch versus loxoprofen tablet in patients with knee osteoarthritis: a randomized controlled non-inferiority trial,
10,BATCH 1 - Head-to-head RCTs used by the reference MAs,YES (conditional),Retrieved,Full-text screening pending,Shinde 2017,"RCT, open-label",Transdermal diclofenac patch vs oral diclofenac SR,see full text,4 wk,"MIXED: knee/hand OA + back pain, soft-tissue rheumatism, fibromyalgia",English,Wang 2022,S13012,,https://pubmed.ncbi.nlm.nih.gov/29472748/,"Efficacy and safety of oral diclofenac sustained release versus transdermal diclofenac patch in chronic musculoskeletal pain: A randomized, open label trial",Keep only if knee-OA results are reported separately; otherwise exclude (wrong population). Zeng 2021 did not include it.
11,BATCH 2 - Head-to-head RCTs found only by your search,YES,Retrieved,Full-text screening pending,Underwood 2008 (TOIB),Pragmatic RCT (+ separate patient-preference cohort),Advice to use topical vs oral ibuprofen,282 in RCT arm,see full text (long-term),"Chronic knee pain, age >=50 (no formal OA diagnosis required)",English,none,S14978 (HTA full report),S17792 (BMJ 2008 main paper - download too); S01645 (cost-effectiveness); S23429 (protocol),https://pubmed.ncbi.nlm.nih.gov/18505668/,Topical or oral ibuprofen for chronic knee pain in older people. The TOIB study,Use RCT arm only. Advice-based intervention and knee-pain population differ from other trials: sensitivity analysis without it.
12,BATCH 2 - Head-to-head RCTs found only by your search,YES (look for full paper),Retrieved,Full-text screening pending,"Rother, Yeoman & Ekman 2013","RCT, double-blind, double-dummy, 5 arms",IDEA-033 ketoprofen 25/50/100 mg vs oral naproxen vs placebo,837,12 wk,Knee OA,English,none (conference abstract; Zeng 2021 and Wang 2022 exclude abstract-only),S15749 (EULAR 2013 abstract),S10501 (NCT00211549),https://doi.org/10.1136/annrheumdis-2012-eular.3275,"A double-blind, placebo-controlled trial comparing the safety and efficacy of epicutaneously applied ketoprofen in transfersome gel with naproxen for the treatment of pain associated with osteoarthritis (OA) of the knee","2nd-largest trial. I could not check whether a full paper exists (PubMed tool failed). Check ClinicalTrials.gov NCT00211549 for posted results. If only an abstract exists, follow your protocol rule on abstracts; run a sensitivity analysis without it."
13,BATCH 2 - Head-to-head RCTs found only by your search,YES,NOT RETRIEVED,INCLUDE on abstract: eligibility is clear. Qualitative synthesis + dichotomous outcomes from the English abstract (improvement 71/89 vs 65/94; patients with side effects 17/89 vs 27/94; drop-outs 7 vs 14).,Takagishi 1985 (MEN-OM),"RCT, double-blind, double-dummy",Ketoprofen 3% ointment vs oral ketoprofen 50 mg tid,185,4 wk,Knee OA,Japanese,none,S18409,,https://scholar.google.com/scholar?q=Clinical%20Evaluation%20of%20MEN-OM%20in%20the%20Treatment%20of%20Osteoarthritis%20of%20the%20Knee%20-A%20Double-Blind%20Comparative%20Study-,Clinical Evaluation of MEN-OM in the Treatment of Osteoarthritis of the Knee -A Double-Blind Comparative Study-,"Authors call the oral arm an ""active placebo"" but it is full-dose oral ketoprofen: a genuine topical-vs-oral comparison."
14,BATCH 2 - Head-to-head RCTs found only by your search,YES,Retrieved,Full-text screening pending,Tsuyama 1985 (L-141),"RCT, multicentre, double-blind","L-141 NSAID ointment vs ""FB"" tablet (oral NSAID; confirm drug)",275,see full text,Knee OA,Japanese,none,S15553,,https://scholar.google.com/scholar?q=Clinical%20Evaluation%20of%20L-141%20Ointment%20on%20Arthritis%20Deformans%20of%20Knee,Clinical Evaluation of L-141 Ointment on Arthritis Deformans of Knee,Confirm what the L-141 and FB drugs are.
15,BATCH 2 - Head-to-head RCTs found only by your search,YES,NOT RETRIEVED,"Nothing to find: it is a CONFERENCE ABSTRACT (the abstract is the whole report). INCLUDE only if your protocol accepts conference abstracts; qualitative only (p-values, no means/SDs).",Ozgen 2011,"RCT, 3 arms",Diclofenac epolamine plaster (Flector) vs oral diclofenac SR vs no treatment,28,see full text,Knee OA (ACR),Turkish,none,S12474,,https://scholar.google.com/scholar?q=Efficiency%20of%20local%20diclophenac%20treatment%20in%20knee%20osteoartritis,Efficiency of local diclophenac treatment in knee osteoartritis,Very small.
16,BATCH 2 - Head-to-head RCTs found only by your search,YES,Retrieved,Full-text screening pending,Liu 2025,"RCT (random-number table), 3 arms",Oral loxoprofen vs flurbiprofen gel patch vs ORAL+TOPICAL,90,2 wk (+1 mo follow-up),Knee OA,Chinese,none,S18337,,https://scholar.google.com/scholar?q=%E5%8F%A3%E6%9C%8D%E6%B4%9B%E7%B4%A2%E6%B4%9B%E8%8A%AC%E9%92%A0%E7%89%87%E8%81%94%E5%90%88%E6%B0%9F%E6%AF%94%E6%B4%9B%E8%8A%AC%E5%87%9D%E8%83%B6%E8%B4%B4%E8%86%8F%E6%B2%BB%E7%96%97%E8%86%9D%E9%AA%A8%E5%85%B3%E8%8A%82%E7%82%8E%E7%9A%84%E4%B8%B4%E5%BA%8A%E7%96%97%E6%95%88%E4%B8%8E%E5%AE%89%E5%85%A8%E6%80%A7%E7%A0%94%E7%A9%B6,口服洛索洛芬钠片联合氟比洛芬凝胶贴膏治疗膝骨关节炎的临床疗效与安全性研究,Also feeds the combination node (closed topical-oral-combination loop).
17,BATCH 2 - Head-to-head RCTs found only by your search,YES (if retrievable),NOT RETRIEVED,AWAITING CLASSIFICATION: possibly eligible (title: double-blind vs oral ketoprofen) but no abstract.,Kageyama 1986 (KPG-200),Double-blind controlled trial,Ketoprofen ointment vs oral ketoprofen,unknown,unknown,Gonarthrosis (knee OA),Japanese,none,S11142,,https://scholar.google.com/scholar?q=Clinical%20Efficacy%20of%20KPG-200%20%28Ketoprofen%20Ointment%29%20to%20Gonarthrosis%3A%20double-Blind%20Controlled%20Trials%20Using%20Oral%20Ketoprofen%20as%20Control,Clinical Efficacy of KPG-200 (Ketoprofen Ointment) to Gonarthrosis: double-Blind Controlled Trials Using Oral Ketoprofen as Control,No abstract: confirm randomisation and data.
18,BATCH 2 - Head-to-head RCTs found only by your search,YES (if retrievable),Retrieved,Full-text screening pending,Nagaya 1984,Double-blind comparative study,Piroxicam gel vs piroxicam capsule,unknown,unknown,OA (joint site NOT stated),Japanese,none,S07754,,https://scholar.google.com/scholar?q=A%20Double%20Blind%20Comparative%20Study%20of%20Piroxicam%20Gel%20and%20Piroxicam%20Capsule%20in%20the%20Treatment%20of%20Osteoarthritis,A Double Blind Comparative Study of Piroxicam Gel and Piroxicam Capsule in the Treatment of Osteoarthritis,"No abstract: confirm knee OA, randomisation and data."
19,BATCH 3 - Combination-node trials (topical + oral),YES,Retrieved,Full-text screening pending,Sun 2026,"RCT, open-label",Oral celecoxib 200 mg qd + flurbiprofen patch bid vs celecoxib alone,90,14 d,Knee OA,English,none,S03016,,https://pubmed.ncbi.nlm.nih.gov/42714961/,Celecoxib plus topical flurbiprofen patch versus celecoxib alone for symptomatic knee OA: a randomized controlled trial.,
20,BATCH 3 - Combination-node trials (topical + oral),YES,Retrieved,Full-text screening pending,Wang 2023,RCT,Oral celecoxib 100 mg bid + diclofenac cream tid vs celecoxib alone,128,2 wk,Knee OA,Chinese,none,S25587,,https://doi.org/10.13699/j.cnki.1001-6821.2023.15.009,塞来昔布联合双氯芬酸钠治疗膝关节骨关节炎患者的临床研究,
21,BATCH 3 - Combination-node trials (topical + oral),YES,Retrieved,Full-text screening pending,Zhang 2011,RCT,Oral diclofenac 25 mg tid + diclofenac gel vs oral diclofenac alone,120,2 wk,"Knee OA, elderly",Chinese,none,S19208,,https://scholar.google.com/scholar?q=%E5%A4%9A%E6%A8%A1%E5%BC%8F%E9%95%87%E7%97%9B%E6%B2%BB%E7%96%97%E8%80%81%E5%B9%B4%E8%86%9D%E5%85%B3%E8%8A%82%E9%AA%A8%E5%85%B3%E8%8A%82%E7%82%8E%E7%9A%84%E4%B8%B4%E5%BA%8A%E7%A0%94%E7%A9%B6,多模式镇痛治疗老年膝关节骨关节炎的临床研究,
22,BATCH 3 - Combination-node trials (topical + oral),YES,Retrieved,Full-text screening pending,Dehghan 2019 (Thymus gel),"RCT, 3 arms",Diclofenac 1% gel + oral celecoxib vs placebo gel + oral celecoxib (3rd arm: herbal gel - ignore),120,6 wk,Knee OA,English,none,S05874,S19867 (IRCT2016112231025N1 registration),https://pubmed.ncbi.nlm.nih.gov/31124455/,Comparative study of the effect of Thymus daenensis gel 5% and diclofenac in patients with knee osteoarthritis,"MISFILED as ANCHORED: every arm took oral celecoxib, so diclofenac gel vs placebo gel = combination vs oral alone."
23,BATCH 3 - Combination-node trials (topical + oral),YES,NOT RETRIEVED,"INCLUDE on abstract (combination node): randomly assigned, piroxicam jelly + oral diclofenac vs placebo jelly + oral diclofenac, 14 d. Qualitative only (p-values, no numbers).",Dehghan 2018 (ginger jelly),"""Semi-experimental"", randomly assigned, 3 arms",Piroxicam jelly + oral diclofenac 100 mg/d vs placebo jelly + oral diclofenac (3rd arm: herbal - ignore),120,14 d,Knee OA,English abstract,none,S04875,,https://scholar.google.com/scholar?q=Comparison%20the%20effects%20of%20ginger%20%28Zingiber%20officinale%29%20jelly%20and%20piroxicam%20jelly%20on%20pain%20of%20knee%20osteoarthritis,Comparison the effects of ginger (Zingiber officinale) jelly and piroxicam jelly on pain of knee osteoarthritis,MISFILED as ANCHORED (same logic as above). Check that allocation was truly randomised.
24,BATCH 3 - Combination-node trials (topical + oral),YES (verify design),Retrieved,Full-text screening pending,Sasaki 2021,Non-inferiority trial; randomisation NOT stated in abstract,S-flurbiprofen plaster alone vs conventional oral + topical NSAIDs,222,4 wk,Knee OA,English,none,S16015,possibly S24573 (jRCTs021180050 NEXT study) - confirm; probably S18653 (UMIN000029709: LOQOA tape vs poultice + oral NSAID),https://pubmed.ncbi.nlm.nih.gov/34316523/,Treatment Efficacy of Single Topical NSAID (S-Flurbiprofen Plaster) for Knee Symptoms and Locomotive Dysfunction in Knee Osteoarthritis Patients.,"Topical-vs-combination edge. If not randomised, move to NRSI or exclude."
25,BATCH 4 - Non-randomised safety studies (NRSI),YES (you already have the PDF),Retrieved,Full-text screening pending,Zeng 2021 THIN cohort,Propensity-score-matched cohort (inside the NMA paper),Topical vs oral NSAID initiators,"14,218 per group",1 yr,"Knee OA, age >=40, UK primary care",English,(is itself reference MA),S24435,,https://pubmed.ncbi.nlm.nih.gov/34174454/,"Comparative efficacy and safety of acetaminophen, topical and oral non-steroidal anti-inflammatory drugs for knee osteoarthritis: evidence from a network meta-analysis of randomized controlled trials and real-world data","ADD: currently excluded as REVIEW-LIST, but the paper contains original knee-OA cohort data (mortality, CVD, VTE, GI bleeding). The most relevant NRSI you have."
26,BATCH 4 - Non-randomised safety studies (NRSI),YES,Retrieved,Full-text screening pending,Silverman 2022,Claims cohort,Oral tNSAIDs vs topical NSAIDs vs COX-2,see full text,long-term use,Hip and/or knee OA (US),English,none,S25286,S06033 (EULAR 2021 abstract),https://pubmed.ncbi.nlm.nih.gov/35575236/,"Drug utilization, clinical and economic outcomes of patients with osteoarthritis of the hip and/or knee treated with long-term use of traditional NSAIDs, topical NSAIDs, and COX-2 inhibitors",Check if knee-only data are separable.
27,BATCH 4 - Non-randomised safety studies (NRSI),YES,Retrieved,Full-text screening pending,Keshwani 2026,Retrospective cohort (Medicare),Topical vs oral NSAID initiation,see full text,see full text,OA (site?),English,none,S24685,,https://pubmed.ncbi.nlm.nih.gov/41833532/,Association Between Different Analgesic Use and Hypertension Among Medicare Beneficiaries With Osteoarthritis,Outcome: hypertension.
28,BATCH 4 - Non-randomised safety studies (NRSI),YES,Retrieved,Full-text screening pending,Pontes 2018,Population nested case-control,Topical NSAIDs vs oral NSAIDs (exposure categories),see full text,-,OA (Catalonia),English,none,S12226,,https://pubmed.ncbi.nlm.nih.gov/29398161/,"Analgesic Use and Risk for Acute Coronary Events in Patients With Osteoarthritis: A Population-based, Nested Case-control Study",Outcome: acute coronary events.
29,BATCH 4 - Non-randomised safety studies (NRSI),YES (verify),Retrieved,Full-text screening pending,Kikuchi 2021,Retrospective claims cohort (Japan),Oral vs topical NSAID users,see full text,see full text,OA (knee-specific?),English,none,S07334 (Unclear at T/A),,https://pubmed.ncbi.nlm.nih.gov/33585939/,A Retrospective Database Study of Gastrointestinal Events and Medical Costs Associated with Nonsteroidal Anti-Inflammatory Drugs in Japanese Patients of Working Age with Osteoarthritis and Chronic Low Back Pain,GI events and costs. PMID 33585939.
30,BATCH 4 - Non-randomised safety studies (NRSI),YES (low priority),Retrieved,Full-text screening pending,Schoffski 2000,Non-randomised comparative cohort / cost analysis,Topical diclofenac (Emulgel) vs oral NSAIDs vs both,1525,see full text,Knee and finger OA,German,none,S25055,,https://doi.org/10.1055/s-2008-1043511,Topical diclofenac (Emulgel) vs. oral NSAIDs in therapy of gonarthrosis and fingerarthrosis - A cost analysis,Keep only if it reports adverse-event outcomes (mainly a cost study).
31,BATCH 4 - Non-randomised safety studies (NRSI),OPTIONAL,Retrieved,Full-text screening pending,Sinnott 2020,Sequence-symmetry signal evaluation + active-comparator cohort,Oral NSAIDs vs topical diclofenac,see full text,-,OA,English,none,S05175,,https://doi.org/10.1002/pds.5114,Evaluating signals generated in a large-scale sequence symmetry analysis: Macrolides and heart failure; NSAIDs and pneumonia,Outcome is pneumonia; include only if pneumonia is a protocol safety outcome.
32,BATCH 5 - Retrieve only to decide eligibility (most will be excluded),CHECK,Retrieved,Full-text screening pending,Koyama 2022 (OASIS DUAL),see notes,Duloxetine + S-flurbiprofen plaster vs duloxetine + oral NSAIDs,,,,,none,S20814,,https://pubmed.ncbi.nlm.nih.gov/36223938/,"Comparison of efficacy and safety in the combination therapies of duloxetine and S-flurbiprofen plaster, and of duloxetine and conventional NSAIDs for chronic pain in patients with osteoarthritis (OASIS DUAL study).",Randomisation not reported; n=49; 9-mo follow-up. Likely non-randomised -> exclude or NRSI.
33,BATCH 5 - Retrieve only to decide eligibility (most will be excluded),CHECK,NOT RETRIEVED,"AWAITING CLASSIFICATION: randomisation not stated (""divided into three groups""); HA co-intervention. Unlikely eligible.",Hashimoto 2018,see notes,HA injection + S-flurbiprofen plaster vs HA + oral NSAID vs HA alone,,,,,none,S00867,,https://scholar.google.com/scholar?q=Combination%20therapy%20of%20intra-articular%20hyaluronan%20injection%20and%20S-flurbiprofen%20plaster%20for%20knee%20osteoarthritis,Combination therapy of intra-articular hyaluronan injection and S-flurbiprofen plaster for knee osteoarthritis,"""Divided into three groups"": randomisation not stated."
34,BATCH 5 - Retrieve only to decide eligibility (most will be excluded),CHECK,NOT RETRIEVED,AWAITING CLASSIFICATION: route of SR-318 unknown; no abstract.,Aoki 1990 (SR-318),see notes,"SR-318 vs diclofenac tablets, double-blind, knee OA",,,,,none,S05437,,https://scholar.google.com/scholar?q=Clinical%20Evaluation%20of%20SR-318%20on%20Osteoarthritis%20of%20Knee%20Joint%3A%20double%20Blind%20Comparative%20Study%20with%20Diclofenac%20Sodium%20Tablets,Clinical Evaluation of SR-318 on Osteoarthritis of Knee Joint: double Blind Comparative Study with Diclofenac Sodium Tablets,Unclear at T/A: is SR-318 topical? If yes -> P2.
35,BATCH 5 - Retrieve only to decide eligibility (most will be excluded),CHECK,NOT RETRIEVED,AWAITING CLASSIFICATION: possibly eligible (double-blind vs oral ketoprofen) if HKP-210 is topical; no abstract.,Miura 1987 (HKP-210),see notes,"HKP-210 vs oral ketoprofen, double-blind, knee OA",,,,,none,S07052,,https://scholar.google.com/scholar?q=Clinical%20Evaluation%20of%20HKP-210%20in%20Osteoarthritis%20of%20the%20Knee%3A%20a%20Double-Blind%20Comparison%20with%20Oral%20Ketoprofen,Clinical Evaluation of HKP-210 in Osteoarthritis of the Knee: a Double-Blind Comparison with Oral Ketoprofen,Unclear at T/A: is HKP-210 topical? If yes -> P2.
36,BATCH 5 - Retrieve only to decide eligibility (most will be excluded),CHECK,NOT RETRIEVED,"AWAITING CLASSIFICATION: open study, randomisation not stated, joint not stated. Unlikely eligible.",Browning 1994,see notes,"Reduced oral NSAID + piroxicam gel vs usual oral NSAID, elderly OA",,,,,none,S13555,,https://pubmed.ncbi.nlm.nih.gov/10150264/,Reducing the dose of oral NSAIDs by use of Feldene Gel: An open study in elderly patients with osteoarthritis,Open study; randomisation and knee unclear. PMID 10150264.
37,BATCH 5 - Retrieve only to decide eligibility (most will be excluded),CHECK,NOT RETRIEVED,AWAITING CLASSIFICATION: no abstract. Low probability.,Rau 1992,see notes,"Piroxicam ointment added to systemic therapy, activated gonarthrosis",,,,,none,S24647,,https://scholar.google.com/scholar?q=Therapy%20of%20activated%20gonarthrosis%20with%20piroxicam%20ointment%3A%20Significant%20completion%20of%20systemic%20therapy,Therapy of activated gonarthrosis with piroxicam ointment: Significant completion of systemic therapy,No abstract; possible combination design.
38,BATCH 5 - Retrieve only to decide eligibility (most will be excluded),CHECK,NOT RETRIEVED,AWAITING CLASSIFICATION: no abstract. Low probability.,Blumberger 1980,see notes,Etofenamate gel to reduce oral antirheumatic dose,,,,,none,S16115,,https://scholar.google.com/scholar?q=Reduction%20of%20required%20dosage%20of%20antirheumatic%20agents%20by%20local%20use%20of%20etofenamate%20gel,Reduction of required dosage of antirheumatic agents by local use of etofenamate gel,No abstract; possible combination design.
39,BATCH 5 - Retrieve only to decide eligibility (most will be excluded),CHECK,NOT RETRIEVED,"AWAITING CLASSIFICATION: probably topical vs topical (BPAA = biphenylylacetic acid, i.e. felbinac). Unlikely eligible.",Aoki 1992 (BPAA),see notes,BPAA vs indomethacin patch,,,,,none,S05399,,https://scholar.google.com/scholar?q=Clinical%20Evaluation%20of%20BPAA%20on%20Osteoarthritis%20of%20the%20Knee%3A%20a%20Multicenter%20Comparative%20Study%20with%20Indomethacin%20Patch,Clinical Evaluation of BPAA on Osteoarthritis of the Knee: a Multicenter Comparative Study with Indomethacin Patch,Probably topical vs topical -> likely exclude.
40,BATCH 5 - Retrieve only to decide eligibility (most will be excluded),CHECK,NOT RETRIEVED,AWAITING CLASSIFICATION: comparator is a topical cataplasm; probably topical vs topical. Unlikely eligible.,Kurata 1997 (FO-726),see notes,FO-726 vs indomethacin cataplasm,,,,,none,S09693,,https://scholar.google.com/scholar?q=Clinical%20evaluation%20of%20FO-726%20in%20osteoarthrosis%3A%20Clinical%20comparative%20study%20versus%20commercially%20available%20indomethacin%20cataplasm,Clinical evaluation of FO-726 in osteoarthrosis: Clinical comparative study versus commercially available indomethacin cataplasm,Probably topical vs topical -> likely exclude.
41,BATCH 5 - Retrieve only to decide eligibility (most will be excluded),CHECK,NOT RETRIEVED,EXCLUDE on abstract: narrative review of flurbiprofen LAT (wrong publication type).,Bolten 1994,see notes,Flurbiprofen LAT vs oral flurbiprofen/ibuprofen,,,,,none,S22478,,https://pubmed.ncbi.nlm.nih.gov/7917798/,"The pharmacokinetics, pharmacodynamics and comparative efficacy of flurbiprofen lat",Probably a narrative summary -> likely exclude.
,NO DOWNLOAD - registry records (check registry for results),NO (registry),-,-,TDS-943 Pivotal I (NCT00546507),Registry record,Topical diclofenac spray vs oral celecoxib vs placebo,,,Knee OA,,none,S17399,,https://clinicaltrials.gov/study/NCT00546507,The Efficacy and Safety of TDS-943 in the Treatment of Osteoarthritis of the Knee: Pivotal Study I,"No results in your records; not checked in registries or PubMed (tool failed). If still unpublished, report under reporting bias."
,NO DOWNLOAD - registry records (check registry for results),NO (registry),-,-,TDS-943 Pivotal II (NCT00546832),Registry record,Topical diclofenac spray vs oral celecoxib vs placebo,,,Knee OA,,none,S18437,,https://clinicaltrials.gov/study/NCT00546832,The Efficacy and Safety of TDS-943 in the Treatment of Osteoarthritis of the Knee: Pivotal Study II,As above.
,NO DOWNLOAD - registry records (check registry for results),NO (registry),-,-,NCT00317733,Registry record,IDEA-033 vs oral celecoxib vs placebo,,,Knee OA,,none,S16986,,https://clinicaltrials.gov/study/NCT00317733,"A Double-Blind, Placebo-Controlled Evaluation of Safety and Efficacy of Epicutaneously Applied IDEA-033 (Ketoprofen in Transfersome) in Comparison to Oral Celecoxib for the Treatment of Pain Associated With Osteoarthritis of the Knee",May be the registration of Rother 2007 or a separate unpublished trial: compare dates/sites.
,NO DOWNLOAD - registry records (check registry for results),NO (registry),-,-,NCT00265304,Registry record,IDEA-033 long-term safety vs oral naproxen,,,Knee OA,,none,S11806,,https://clinicaltrials.gov/study/NCT00265304,"A Double-Blind, Long-Term Evaluation of the Safety of IDEA-033 in Comparison to Oral Naproxen for the Treatment of the Signs and Symptoms of Osteoarthritis of the Knee",Check for posted results.
,NO DOWNLOAD - registry records (check registry for results),NO (registry),-,-,ChiCTR2400085612,Registry record,Flurbiprofen gel plaster vs loxoprofen tablets,,,Knee OA,,none,S00431,,https://trialsearch.who.int/Trial2.aspx?TrialID=ChiCTR2400085612,Efficacy and safety of flurbiprofen gel plaster versus loxoprofen sodium tablets in the treatment of knee osteoarthritis ----- a randomized controlled trial,Ongoing / no results: list as ongoing study.
,NO DOWNLOAD - registry records (check registry for results),NO (registry),-,-,EUCTR2016-002611-18 (DE+AT),Registry record,Lidocaine/diclofenac patch (GRT7019) vs oral diclofenac vs placebo,,,Knee OA,,none,S21513; S11796,,https://trialsearch.who.int/Trial2.aspx?TrialID=EUCTR2016-002611-18-DE,Lidocaine/diclofenac epolamine patch (GRT7019) Phase II proof-of-concept trial in patients with chronic pain due to knee osteoarthritis,Topical product contains lidocaine -> probably ineligible intervention; no results.
,NO DOWNLOAD - registry records (check registry for results),NO (registry),-,-,jRCTs021180050 (NEXT),Registry record,S-flurbiprofen plaster vs oral + patch NSAID,,,Knee OA,,none,S24573,,https://trialsearch.who.int/Trial2.aspx?TrialID=JPRN-jRCTs021180050,NEXT STUDY,Possibly the registration of Sasaki 2021 (confirm).
,NO DOWNLOAD - registry records (check registry for results),NO (registry),-,-,IRCT20161204031229N7,Registry record,Diclofenac gel + naproxen vs placebo gel + naproxen (+ doxepin arm),,,Knee OA,,none,S01901,,https://trialsearch.who.int/Trial2.aspx?TrialID=IRCT20161204031229N7,Doxepin cream in reducing knee pain due to Arthritis,Combination design; no results yet: list as ongoing.
,NO DOWNLOAD - excluded / not counted (list with reasons),NO,-,-,Gor 2016,RCT,Oral diclofenac vs reduced-dose oral + topical diclofenac nanogel,50,7 d,Knee OA,English,Wolff 2021,S15764,,https://doi.org/10.13040/ijpsr.0975-8232.7(5).2083-89,A comparative study of efficacy and safety of oral diclofenac and decreased dose of diclofenac plus topical diclofenac in treatment of knee osteoarthritis,"Excluded at T/A: duration <2 wk. Wolff 2021 included it, so name it in your excluded-studies table."
,NO DOWNLOAD - excluded / not counted (list with reasons),NO (optional),-,-,Roth & Fuller pooled analyses (x4),Pooled secondary analyses of Tugwell 2004 + Simon 2009,Topical vs oral diclofenac (age >=65 safety),927 (pooled),12 wk,Knee OA,English,none,S05544,S01076; S08219; S04556,https://pubmed.ncbi.nlm.nih.gov/21811391/,Diclofenac topical solution compared with oral diclofenac: A pooled safety analysis,Same patients as Tugwell 2004 and Simon 2009: never count as separate studies (Zeng 2021 also excluded pooled analyses). Download S05544 only if you pre-specify an age >=65 subgroup.
42,BATCH 5 - Retrieve only to decide eligibility (most will be excluded),CHECK,NOT RETRIEVED,AWAITING CLASSIFICATION: abstract does not say whether oral NSAIDs continued or which joint. Possibly a combination trial.,Roth 1995 (diclofenac/hyaluronan gel),"Controlled trial, placebo gel",Diclofenac 3%/hyaluronan gel vs placebo gel in patients with uncontrolled pain on CHRONIC ORAL NSAIDs,119,2 wk,"OA, joint not stated",English,none,S00576,S14701 (RSM Round Table report),https://pubmed.ncbi.nlm.nih.gov/8867642/,A controlled clinical investigation of 3% diclofenac/2.5% sodium hyaluronate topical gel in the treatment of uncontrolled pain in chronic oral NSAID users with osteoarthritis,"Was Unclear/ANCHORED. If patients kept taking their oral NSAID and it is knee OA, this is topical+oral vs oral -> combination node."
43,BATCH 5 - Retrieve only to decide eligibility (most will be excluded),CHECK,Retrieved,Full-text screening pending,Togo 2022,"Retrospective claims cohort (Japan, MDV database)",Oral vs non-oral NSAID users (main comparison is age >=65 vs <65),"288,715",2009-2018,OA and/or chronic low back pain (only 23.7% OA alone),English,none,S20244,,https://pubmed.ncbi.nlm.nih.gov/34538031/,Safety risk associated with use of nonsteroidal anti-inflammatory drugs in Japanese elderly compared with younger patients with osteoarthritis and/or chronic low back pain: A retrospective database study,"WRONGLY REASONED EXCLUSION at T/A (""no placebo"" does not apply to cohorts). Same database/group as Kikuchi 2021. Include only if it reports outcomes by route in OA patients. PMID 34538031."
44,BATCH 5 - Retrieve only to decide eligibility (most will be excluded),CHECK (low probability),Retrieved,Full-text screening pending,"Diclofenac potassium 1% gel (2002, Chinese)","Unclear at T/A, no abstract",Topical diclofenac potassium gel; comparator unknown (abstract = keywords only),,,,,none,S01109,,https://scholar.google.com/scholar?q=Effect%20and%20safety%20of%201%25%20diclofenac%20potassium%20gel%20for%20external%20application%20in%20treatment%20of%20patients%20with%20osteoarthritis,Effect and safety of 1% diclofenac potassium gel for external application in treatment of patients with osteoarthritis,Old/no-abstract Unclear record. Only retrieve to rule out a topical-vs-oral or topical+oral design; expect exclusion.
45,BATCH 5 - Retrieve only to decide eligibility (most will be excluded),CHECK (low probability),NOT RETRIEVED,"AWAITING CLASSIFICATION: no abstract (Mucha 1987, Med Welt). Low probability.",Transdermal diclofenac multicentre trial (1987),"Unclear at T/A, no abstract",Transdermal diclofenac; comparator unknown,,,,,none,S21573,,https://scholar.google.com/scholar?q=Transdermic%20application%20of%20diclofenac%20-%20Results%20of%20a%20multicenter%20trial,Transdermic application of diclofenac - Results of a multicenter trial,Old/no-abstract Unclear record. Only retrieve to rule out a topical-vs-oral or topical+oral design; expect exclusion.
46,BATCH 5 - Retrieve only to decide eligibility (most will be excluded),CHECK (low probability),NOT RETRIEVED,AWAITING CLASSIFICATION: no abstract (Kullich 1993). Low probability.,Piroxicam gel in gonarthrosis (1993),"Unclear at T/A, no abstract",Topical piroxicam gel; comparator unknown,,,,,none,S22576,,https://scholar.google.com/scholar?q=Efficacy%20and%20tolerance%20of%20piroxicam%20gel.%20Percutaneous%20nonsteroidal%20antirheumatic%20agents%20in%20the%20treatment%20of%20gonarthrosis,Efficacy and tolerance of piroxicam gel. Percutaneous nonsteroidal antirheumatic agents in the treatment of gonarthrosis,Old/no-abstract Unclear record. Only retrieve to rule out a topical-vs-oral or topical+oral design; expect exclusion.
47,BATCH 5 - Retrieve only to decide eligibility (most will be excluded),CHECK (low probability),NOT RETRIEVED,AWAITING CLASSIFICATION: no abstract (Nadal 1993). Low probability.,Ketorolac gel 1% long-term (1993),"Unclear at T/A, no abstract","Topical ketorolac, knee OA; comparator unknown",,,,,none,S10571,,https://scholar.google.com/scholar?q=Long-term%20efficacy%20of%20ketorolac%20Gel%201%25%20in%20patients%20suffering%20from%20osteoarthritis%20of%20the%20knee,Long-term efficacy of ketorolac Gel 1% in patients suffering from osteoarthritis of the knee,Old/no-abstract Unclear record. Only retrieve to rule out a topical-vs-oral or topical+oral design; expect exclusion.
48,BATCH 5 - Retrieve only to decide eligibility (most will be excluded),CHECK (low probability),NOT RETRIEVED,"AWAITING CLASSIFICATION: no abstract (Grazio 2010, Croatian); title suggests a narrative article. Low probability.",Diclo Duo spray (2010),"Unclear at T/A, no abstract",Topical diclofenac spray; comparator unknown,,,,,none,S05441,,https://pubmed.ncbi.nlm.nih.gov/21875024/,[Topical treatment with diclofenac with improved effect (Diclo Duo spray)].,Old/no-abstract Unclear record. Only retrieve to rule out a topical-vs-oral or topical+oral design; expect exclusion.
49,BATCH 5 - Retrieve only to decide eligibility (most will be excluded),CHECK (low probability),NOT RETRIEVED,"EXCLUDE on abstract: randomised oral NSAID vs no treatment; no topical arm (De Boer 2011, conference abstract).",TJR-candidate cohort with embedded NSAID randomisation (2011),"Unclear at T/A, no abstract",NSAID randomisation incompletely described,,,,,none,S24478,,https://scholar.google.com/scholar?q=Clinical%20characteristics%20and%20medication%20use%20of%20patients%20with%20knee%20osteoarthritis%20selected%20for%20total%20joint%20replacement%20surgery,Clinical characteristics and medication use of patients with knee osteoarthritis selected for total joint replacement surgery,Old/no-abstract Unclear record. Only retrieve to rule out a topical-vs-oral or topical+oral design; expect exclusion.
,NO DOWNLOAD - registry records (check registry for results),NO (registry),-,-,IRCT20170929036477N2,Registry record,Diclofenac gel + oral celecoxib vs placebo gel + oral celecoxib (3rd arm herbal gel),,,Knee OA / OA,,none,S03348,,https://trialsearch.who.int/Trial2.aspx?TrialID=IRCT20170929036477N2,Comparison the effect of Stachys lavandulifolia gel vs diclofenac gel on the pain of knee,Combination design (like Dehghan 2019). Registry only: search for a publication.
,NO DOWNLOAD - registry records (check registry for results),NO (registry),-,-,X0002 spray phase 2 (NCT03691818),Registry record,X0002 spray vs oral ibuprofen vs placebo,,,Knee OA / OA,,none,S21372,,https://clinicaltrials.gov/study/NCT03691818,"A Phase 2, Multicenter, Double-blind and Placebo and Active Control Study to Evaluate the Initial Efficacy and Safety of X0002 Spray in Treatment of Subjects With Osteoarthritis of the Knee","X0002 = ""brothamine hydrochloride"" (unidentified). If it is an NSAID, this is topical-vs-oral; otherwise stays ANCHORED."
,NO DOWNLOAD - registry records (check registry for results),NO (registry),-,-,X0002 spray phase 3 (NCT05324163),Registry record,X0002 spray vs oral celecoxib vs placebo,,,Knee OA / OA,,none,S06285,,https://clinicaltrials.gov/study/NCT05324163,"A Phase 3, Multicenter, Double-blind and Placebo and Active Control Study to Evaluate the Efficacy and Safety of X0002 Spray in Treatment of Subjects With Osteoarthritis of the Knee",As above.
,NO DOWNLOAD - registry records (check registry for results),NO (registry),-,-,"Diclofenac sodium gel in knee OA (registry, 2007)",Registry record,"Topical diclofenac gel, knee OA; comparator not stated",,,Knee OA / OA,,none,S07217,,https://scholar.google.com/scholar?q=Efficacy%20and%20safety%20of%20diclofenac%20sodium%20gel%20in%20knee%20osteoarthritis,Efficacy and safety of diclofenac sodium gel in knee osteoarthritis,No trial ID in the record; search ClinicalTrials.gov by title to see the comparator and any results.
,NO DOWNLOAD - registry records (check registry for results),NO (registry),-,-,ORCA study (NCT04099459),Registry record,Observational: OA and NSAID-associated risks,,,Knee OA / OA,,none,S02379,,https://clinicaltrials.gov/study/NCT04099459,ORCA Study: Osteoarthritis and Risks Associated With the Consumption of NSAIDs,"Registry only, no design detail; check whether it compares topical vs oral users."
,NO DOWNLOAD - registry records (check registry for results),NO (registry),-,-,ISRCTN40097939 (2012),Registry record,"Loxoprofen cataplasm + placebo tablet vs placebo cataplasm + loxoprofen tablet (double-dummy), 4 wk",,,Knee OA,,none,S11913,,https://trialsearch.who.int/Trial2.aspx?TrialID=ISRCTN40097939,Safety and Efficacy of Loxoprofen Sodium cataplasm Ointment Against Knee Osteoarthritis,Head-to-head. No publication in your records.
,NO DOWNLOAD - registry records (check registry for results),NO (registry),-,-,ChiCTR2200058374 (2022),Registry record,"Ibuprofen hydrochloride spray vs oral celecoxib vs placebo, phase III",,,Knee OA,,none,S17179,,https://trialsearch.who.int/Trial2.aspx?TrialID=ChiCTR2200058374,"A Phase III, Multicenter, Randomized, Double-blind and Placebo and Active Controlled Trial to Evaluate the Efficacy and Safety of X0002 Spray in Treatment of Subjects With Osteoarthritis of the Knee","Head-to-head. Same design and year as X0002 phase 3 (NCT05324163): probably the same trial, which would make X0002 an ibuprofen spray (unconfirmed)."
,NO DOWNLOAD - registry records (check registry for results),NO (registry),-,-,ChiCTR2300075288 (2023),Registry record,Flurbiprofen gel patch vs oral etoricoxib (knee and shoulder OA),,,Knee OA,,none,S18431,,https://trialsearch.who.int/Trial2.aspx?TrialID=ChiCTR2300075288,Effectiveness and safety evaluation of Flurbiprofen Gel Patch and Etoricoxib Tablets in the treatment of osteoarthritis - a prospective randomized controlled study,Head-to-head; knee data would need to be separable.
,NO DOWNLOAD - registry records (check registry for results),NO (registry),-,-,ITMCTR2025000961 (2025),Registry record,Tuina vs diclofenac patch vs oral celecoxib,,,Knee OA,,none,S15124,,https://trialsearch.who.int/Trial2.aspx?TrialID=ITMCTR2025000961,A Randomized Controlled Trial Comparing the Efficacy of Tuina Therapy versus Pharmacological Intervention in Knee Osteoarthritis,Diclofenac patch vs celecoxib arms are head-to-head. Probably ongoing.
,NO DOWNLOAD - registry records (check registry for results),NO (registry),-,-,ChiCTR2400092881 (2024),Registry record,Ketoprofen cataplasm vs oral NSAIDs vs both,,,Knee OA,,none,S12062,,https://trialsearch.who.int/Trial2.aspx?TrialID=ChiCTR2400092881,Ketoprofen Cataplasms for Pain Relief in Patients with Knee Osteoarthritis: a Randomized Controlled Trial,Head-to-head + combination. Probably ongoing.
,NO DOWNLOAD - registry records (check registry for results),NO (registry),-,-,ChiCTR2400091706 (2024),Registry record,Ketoprofen cataplasm vs celecoxib vs both,,,Knee OA,,none,S14421,,https://trialsearch.who.int/Trial2.aspx?TrialID=ChiCTR2400091706,Clinical study of ketoprofen gel paste for pain relief in osteoarthritis: a randomized controlled trial,Head-to-head + combination; OA site to confirm. Probably ongoing.
,NO DOWNLOAD - registry records (check registry for results),NO (registry),-,-,ChiCTR2100048260 (2021),Registry record,Flurbiprofen patch + celecoxib vs placebo patch + celecoxib,,,Knee OA,,none,S21035,,https://trialsearch.who.int/Trial2.aspx?TrialID=ChiCTR2100048260,"Flurbiprofen gel patch combined with celecoxib to improve the efficacy of early stage knee osteoarthritis: a randomized, double-blind, prospective clinical trial",Combination vs oral. No publication in your records.
,NO DOWNLOAD - registry records (check registry for results),NO (registry),-,-,IRCT2017092710222N14 (2017),Registry record,Diclofenac gel + celecoxib vs placebo gel + celecoxib (3rd arm Tanacetum gel),,,Knee OA,,none,S02952,,https://trialsearch.who.int/Trial2.aspx?TrialID=IRCT2017092710222N14,Comparsion of 2% Tanacetum Parthenium Gel with 1% Diclofenac Gel on the pain of patients with primary knee osteoarthritis,Combination vs oral (same design family as Dehghan 2019). No publication in your records.
,NO DOWNLOAD - registry records (check registry for results),NO (registry),-,-,IRCT2017103037093N1 (2017),Registry record,Diclofenac gel + celecoxib vs placebo gel + celecoxib (3rd arm chicory gel),,,Knee OA,,none,S23283,,https://trialsearch.who.int/Trial2.aspx?TrialID=IRCT2017103037093N1,Chicory gel effect on the treatment of osteoarthritis,Combination vs oral. No publication in your records.
