Original rank,Original tier/stream,Screen_ID,Year,Authors,Title,Maps to study,Role,ACTION
1,1 DIRECT,S20992,2013.0,"Conaghan, P.G.; Dickson, J.; Bolten, W.; Cevc, G.; Rother, M.","A multicentre, randomized, placebo- and active-controlled trial comparing the efficacy and safety of topical ketoprofen in Transfersome gel (IDEA-033) with ketoprofen-free vehicle (TDT 064) and oral celecoxib for knee pain associated with osteoarthritis",Conaghan 2013,main record,Download (primary MA)
2,1 DIRECT,S21659,2013.0,"Conaghan, P.G.; Dickson, J.D.; Bolten, W.; Cevc, G.; Rother, M.","A large randomised, controlled trial comparing the efficacy and safety of topical ketoprofen in transfersome gel with oral celecoxib for osteoarthritis knee pain",Conaghan 2013,companion report (merge),Merge into study (companion report)
3,1 DIRECT,S01076,2011.0,"Roth, S.; Fuller, P.",Safety of diclofenac topical solution compared with oral diclofenac for treatment of osteoarthritis of the knee in patients aged ≥65 years: Pooled analysis from 2 controlled clinical trials,Roth & Fuller pooled analyses (x4),companion report (merge),Do not count: pooled secondary analysis of Tugwell 2004 + Simon 2009
4,1 DIRECT,S08219,2011.0,"Roth, S.H.; Fuller, P.",Safety of diclofenac sodium topical solution compared with oral diclofenac for osteoarthritis of the knee in patients aged 65 years: Pooled analysis from 2 controlled trials,Roth & Fuller pooled analyses (x4),companion report (merge),Do not count: pooled secondary analysis of Tugwell 2004 + Simon 2009
5,1 DIRECT,S04556,2010.0,"Roth, S.H.; Fuller, P.",Topical diclofenac solution (PENNSAID) compared with oral diclofenac in osteoarthritis of the knee: Pooled analysis from 2 controlled clinical trials,Roth & Fuller pooled analyses (x4),companion report (merge),Do not count: pooled secondary analysis of Tugwell 2004 + Simon 2009
6,1 DIRECT,S15749,2013.0,"Rother, M.; Yeoman, G.; Ekman, E.","A double-blind, placebo-controlled trial comparing the safety and efficacy of epicutaneously applied ketoprofen in transfersome gel with naproxen for the treatment of pain associated with osteoarthritis (OA) of the knee","Rother, Yeoman & Ekman 2013",main record,Download (primary MA)
7,1 DIRECT,S13265,2009.0,"Simon, LS; Grierson, LM; Naseer, Z; Bookman, AAM; Shainhouse, JZ","Efficacy and safety of topical diclofenac containing dimethyl sulfoxide (DMSO) compared with those of topical placebo, DMSO vehicle and oral diclofenac for knee osteoarthritis",Simon 2009,main record,Download (primary MA)
8,1 DIRECT,S19119,2007.0,"Rother, M; Lavins, BJ; Kneer, W; Lehnhardt, K; Seidel, EJ; Mazgareanu, S",Efficacy and safety of epicutaneous ketoprofen in transfersome (IDEA-033) versus oral celecoxib and placebo in osteoarthritis of the knee: Multicentre randomised controlled trial,Rother 2007,main record,Download (primary MA)
9,1 DIRECT,S14978,2008.0,"Underwood, M.; Ashby, D.; Carnes, D.; Castelnuovo, E.; Cross, P.; Harding, G.; Hennessy, E.; Letley, L.; Martin, J.; Mt-Isa, S.; Parsons, S.; Spencer, A.; Vickers, M.; Whyte, K.",Topical or oral ibuprofen for chronic knee pain in older people. The TOIB study,Underwood 2008 (TOIB),main record,Download (primary MA)
10,1 DIRECT,S14932,1997.0,"Sandelin, J.; Harilainen, A.; Crone, H.; Hamberg, P.; Forsskåhl, B.; Tamelander, G.",Local NSAID gel (Eltenac) in the treatment of osteoarthritis of the knee: A double blind study comparing eltenac with oral diclofenac and placebo gel,Sandelin 1997,main record,Download (primary MA)
11,1 DIRECT,S18409,1985.0,"TAKAGISHI, Naoto; KIMURA, Chihiro; SUZUKI, Katsumi; OGATA, Hajime; NISHIO, Atsuto; INOUE, Akio; KITAGAWA, Toshio; MASUMI, Shogo; SAKO, Takashi; IBARAGI, Kunio; et al.",Clinical Evaluation of MEN-OM in the Treatment of Osteoarthritis of the Knee -A Double-Blind Comparative Study-,Takagishi 1985 (MEN-OM),main record,Download (primary MA)
12,1 DIRECT,S10033,2013.0,"Mu, R.; Bao, C.D.; Chen, Z.W.; Zheng, Y.; Wang, G.C.; Zhao, D.B.; Hu, S.X.; Li, Y.J.; Shao, Z.W.; Zhang, Z.Y.; Li, Z.G.",Effectiveness and safety of hydrogel patch containing loxoprofen sodium in patients with knee osteoarthritis,Mu 2016,companion report (merge),Merge into study (companion report)
13,1 DIRECT,S13654,1991.0,"Dickson, D.J.",A double-blind evaluation of topical piroxicam gel with oral ibuprofen in osteoarthritis of the knee,Dickson 1991,main record,Download (primary MA)
14,1 DIRECT,S20814,2022.0,Koyama K,"Comparison of efficacy and safety in the combination therapies of duloxetine and S-flurbiprofen plaster, and of duloxetine and conventional NSAIDs for chronic pain in patients with osteoarthritis (OASIS DUAL study).",Koyama 2022 (OASIS DUAL),main record,Retrieve only to confirm eligibility
15,1 DIRECT,S12474,2011.0,"Özgen, M.; Mehmetoʇlu, O.; Armaʇan, O.",Efficiency of local diclophenac treatment in knee osteoartritis,Ozgen 2011,main record,Download (primary MA)
16,1 DIRECT,S04144,2010.0,"Tiso, R.L.; Tong-Ngork, S.; Fredlund, K.L.",Oral versus topical ibuprofen for chronic knee pain: A prospective randomized pilot study,Tiso 2010,main record,Download (primary MA)
17,1 DIRECT,S18337,2025.0,刘娟; 强洪; 李霞; 王标; 何宇燕; 余建,口服洛索洛芬钠片联合氟比洛芬凝胶贴膏治疗膝骨关节炎的临床疗效与安全性研究,Liu 2025,main record,Download (primary MA)
18,1 DIRECT,S13012,2017.0,"Shinde, V.A.; Kalikar, M.; Jagtap, S.; Dakhale, G.N.; Bankar, M.; Bajait, C.S.; Motghare, V.M.; Pashilkar, A.A.; Raghute, L.B.; Khamkar, A.D.","Efficacy and safety of oral diclofenac sustained release versus transdermal diclofenac patch in chronic musculoskeletal pain: A randomized, open label trial",Shinde 2017,main record,Download (primary MA)
19,1 DIRECT,S18896,2016.0,"Mu, R.; Bao, C.-D.; Chen, Z.-W.; Zheng, Y.; Wang, G.-C.; Zhao, D.-B.; Hu, S.-X.; Li, Y.-J.; Shao, Z.-W.; Zhang, Z.-Y.; Xiao, W.-G.; Zhang, W.; Li, Z.-G.",Efficacy and safety of loxoprofen hydrogel patch versus loxoprofen tablet in patients with knee osteoarthritis: a randomized controlled non-inferiority trial,Mu 2016,main record,Download (primary MA)
20,1 DIRECT,S05544,2011.0,"Roth, S.H.; Fuller, P.",Diclofenac topical solution compared with oral diclofenac: A pooled safety analysis,Roth & Fuller pooled analyses (x4),main record,Do not count: pooled secondary analysis of Tugwell 2004 + Simon 2009
21,1 DIRECT,S10579,2010.0,"Doi, T.; Akai, M.; Fujino, K.; Hoshino, Y.; Iwaya, T.; Sunami, Y.",Effect of nonsteroidal anti-inflammatory drug plasters for knee osteoarthritis in Japanese: A randomized controlled trial,Doi 2010,main record,Download (primary MA)
22,1 DIRECT,S01645,2008.0,"Castelnuovo, E; Cross, P; Mt-Isa, S; Spencer, A; Underwood, M",Cost-effectiveness of advising the use of topical or oral ibuprofen for knee pain; the TOIB study [ISRCTN: 79353052].,Underwood 2008 (TOIB),companion report (merge),Merge into study (companion report)
23,1 DIRECT,S21608,2004.0,"Tugwell, Peter S; Wells, George A; Shainhouse, J Zev",Equivalence study of a topical diclofenac solution (pennsaid) compared with oral diclofenac in symptomatic treatment of osteoarthritis of the knee: a randomized controlled trial.,Tugwell 2004,main record,Download (primary MA)
24,1 DIRECT,S00867,2018.0,"Hashimoto, S.; Hara, H.; Gohara, T.; Hashimoto, M.",Combination therapy of intra-articular hyaluronan injection and S-flurbiprofen plaster for knee osteoarthritis,Hashimoto 2018,main record,Retrieve only to confirm eligibility
25,1 DIRECT,S15553,1985.0,"TSUYAMA, Naoichi; KUROKAWA, Takahide; NAGANO, Akira; NIHEI, Ryuichi; TACHIBANA, Naoya; HANAOKA, Kazuo",Clinical Evaluation of L-141 Ointment on Arthritis Deformans of Knee,Tsuyama 1985 (L-141),main record,Download (primary MA)
26,1 DIRECT,S23676,2008.0,"Simon, LS; Grierson, LM; Naseer, Z; Bookman, AAM; Shainhouse, Z","Efficacy and safety of a topical diclofenac solution compared with topical placebo, vehicle, oral diclofenac and oral/topical combination in the symptomatic treatment of osteoarthritis of the knee",Simon 2009,companion report (merge),Merge into study (companion report)
27,1 DIRECT,S17399,2007.0,,The Efficacy and Safety of TDS-943 in the Treatment of Osteoarthritis of the Knee: Pivotal Study I,TDS-943 Pivotal I (NCT00546507),main record,"Registry: check for results, no PDF"
28,1 DIRECT,S18437,2007.0,,The Efficacy and Safety of TDS-943 in the Treatment of Osteoarthritis of the Knee: Pivotal Study II,TDS-943 Pivotal II (NCT00546832),main record,"Registry: check for results, no PDF"
29,1 DIRECT,S16986,2006.0,,"A Double-Blind, Placebo-Controlled Evaluation of Safety and Efficacy of Epicutaneously Applied IDEA-033 (Ketoprofen in Transfersome) in Comparison to Oral Celecoxib for the Treatment of Pain Associated With Osteoarthritis of the Knee",NCT00317733,main record,"Registry: check for results, no PDF"
30,1 DIRECT,S11806,2005.0,,"A Double-Blind, Long-Term Evaluation of the Safety of IDEA-033 in Comparison to Oral Naproxen for the Treatment of the Signs and Symptoms of Osteoarthritis of the Knee",NCT00265304,main record,"Registry: check for results, no PDF"
31,1 DIRECT,S20740,2003.0,"Tugwell, PS; Wells, GA; Shainhouse, JZ",A comparative trial of oral versus topical diclofenac in the treatment of osteoarthritis of the knee,Tugwell 2004,companion report (merge),Merge into study (companion report)
32,1 DIRECT,S11142,1986.0,"Kageyama, T",Clinical Efficacy of KPG-200 (Ketoprofen Ointment) to Gonarthrosis: double-Blind Controlled Trials Using Oral Ketoprofen as Control,Kageyama 1986 (KPG-200),main record,Download (primary MA)
33,1 DIRECT,S07754,1984.0,"Nagaya, I",A Double Blind Comparative Study of Piroxicam Gel and Piroxicam Capsule in the Treatment of Osteoarthritis,Nagaya 1984,main record,Download (primary MA)
34,2 COMBINATION,S16015,2021.0,"Sasaki, Shizuka; Sasaki, Eiji; Kimura, Yuka; Naraoka, Takuya; Yamamoto, Yuji; Tsuda, Eiichi; Ishibashi, Yasuyuki",Treatment Efficacy of Single Topical NSAID (S-Flurbiprofen Plaster) for Knee Symptoms and Locomotive Dysfunction in Knee Osteoarthritis Patients.,Sasaki 2021,main record,Download (combination node)
35,2 COMBINATION,S03016,2026.0,Sun K; Pu M; Zhang H; Bai L; Wu X; Fan L; Hu Q,Celecoxib plus topical flurbiprofen patch versus celecoxib alone for symptomatic knee OA: a randomized controlled trial.,Sun 2026,main record,Download (combination node)
36,2 COMBINATION,S25587,2023.0,王权; 邵强; 王勇刚,塞来昔布联合双氯芬酸钠治疗膝关节骨关节炎患者的临床研究,Wang 2023,main record,Download (combination node)
37,2 COMBINATION,S19208,2011.0,张啟维; 孙常太; 张耀南; 王强; 徐宏兵,多模式镇痛治疗老年膝关节骨关节炎的临床研究,Zhang 2011,main record,Download (combination node)
38,2 COMBINATION,S16905,2005.0,,Efficacy and Safety of Topical Diclofenac Combined With Oral Diclofenac in the Treatment of Knee Osteoarthritis,Simon 2009,companion report (merge),Merge into study (companion report)
39,3 NRSI-SAFETY,S25055,2000.0,"Schöffski, O.; Ruof, J.; Pirk, O.; Graf Von Der Schulenburg, J.-M.; Zeidler, H.",Topical diclofenac (Emulgel) vs. oral NSAIDs in therapy of gonarthrosis and fingerarthrosis - A cost analysis,Schoffski 2000,main record,Download (NRSI safety)
40,3 NRSI-SAFETY,S06033,2021.0,"Silverman, S.; Schepman, P.; Rice, J.B.; Beck, C.; White, A.; Thakkar, S.; Johnson, M.; Robinson, R.; Emir, B.",Treatment patterns and clinical characteristics of patients with osteoarthritis of the hip and/or knee treated with traditional NSAIDs vs COX-2S: A real-world study of commercially-insured patients,Silverman 2022,companion report (merge),Merge into study (companion report)
41,3 NRSI-SAFETY,S05175,2020.0,"Sinnott, S.-J.; Lin, K.J.; Wang, S.; Hallas, J.; Desai, R.; Schneeweiss, S.; Gagne, J.J.",Evaluating signals generated in a large-scale sequence symmetry analysis: Macrolides and heart failure; NSAIDs and pneumonia,Sinnott 2020,main record,Download (NRSI safety)
42,3 NRSI-SAFETY,S25286,2022.0,"Silverman, S.L.; Schepman, P.; Rice, J.B.; Beck, C.G.; Johnson, M.; White, A.; Robinson, R.L.; Emir, B.","Drug utilization, clinical and economic outcomes of patients with osteoarthritis of the hip and/or knee treated with long-term use of traditional NSAIDs, topical NSAIDs, and COX-2 inhibitors",Silverman 2022,main record,Download (NRSI safety)
43,3 NRSI-SAFETY,S24685,2026.0,"Keshwani, S.; Park, H.; Lo-Ciganic, W.-H.; Fillingim, R.B.; Morris, E.J.; Smith, S.M.",Association Between Different Analgesic Use and Hypertension Among Medicare Beneficiaries With Osteoarthritis,Keshwani 2026,main record,Download (NRSI safety)
44,3 NRSI-SAFETY,S12226,2018.0,"Pontes, C.; Marsal, J.R.; Elorza, J.M.; Aragón, M.; Prieto-Alhambra, D.; Morros, R.","Analgesic Use and Risk for Acute Coronary Events in Patients With Osteoarthritis: A Population-based, Nested Case-control Study",Pontes 2018,main record,Download (NRSI safety)
45,4 ANCHORED,S18121,2025.0,"DiMartino, S.J.; Gao, H.; Eng, S.; Valenzuela, G.; Fuerst, T.; Emeremni, C.; Ho, T.; Hassan, H.E.; Turner, K.C.; Davis, J.D.; Zaim, S.; Chao, J.; Patel, Y.; Brener, L.; Trinh, N.; Manvelian, G.; Fetell, M.; Braunstein, N.; Geba, G.P.; Dakin, P.",Efficacy and safety of fasinumab in an NSAID-controlled study in patients with pain due to osteoarthritis of the knee or hip,,,Set aside: ANCHORED stream (placebo/vehicle-only) - protocol amendment
46,4 ANCHORED,S24431,2011.0,"Petruschke, R.; Altman, R.; Huskisson, E.; Fotopoulos, G.; Gold, M.; Wieman, M.",Cardiovascular and gastrointestinal safety of topical diclofenac gels,,,Set aside: ANCHORED stream (placebo/vehicle-only) - protocol amendment
47,4 ANCHORED,S02738,2010.0,"White, W.B.; Schnitzer, T.; Dijian, J.; Frayssinet, H.; Duquesroix, B.; Weber, M.A.",The nitric oxide donator naproxcinod has blood pressure effects similar to placebo in patients with osteoarthritis,,,Set aside: ANCHORED stream (placebo/vehicle-only) - protocol amendment
48,4 ANCHORED,S20767,2006.0,"Fleischmann, R.; Sheldon, E.; Maldonado-Cocco, J.; Dutta, D.; Yu, S.; Sloan, V.S.",Lumiracoxib is effective in the treatment of osteoarthritis of the knee: A prospective randomized 13-week study versus placebo and celecoxib,,,Set aside: ANCHORED stream (placebo/vehicle-only) - protocol amendment
49,4 ANCHORED,S16975,2005.0,"Sheldon, E.; Beaulieu, A.; Paster, Z.; Dutta, D.; Yu, S.; Sloan, V.S.","Efficacy and tolerability of lumiracoxib in the treatment of osteoarthritis of the knee: A 13-week, randomized, double-blind comparison with celecoxib and placebo",,,Set aside: ANCHORED stream (placebo/vehicle-only) - protocol amendment
50,4 ANCHORED,S04499,2001.0,"Detora L.M., Krupa D., Bolognese J., Sperling R.S., Ehrich E.W.","Rofecoxib shows consistent efficacy in osteoarthritis clinical trials, regardless of specific patient demographic and disease factors",,,Set aside: ANCHORED stream (placebo/vehicle-only) - protocol amendment
51,4 ANCHORED,S09352,2020.0,"Fudin, J.; Shanga, G.; Petruschke, R.","Clinically meaningful results with voltaren® arthritis pain (Topical diclofenac sodium 1%), a nonsurgical treatment option for osteoarthritis of the knee",,,Set aside: ANCHORED stream (placebo/vehicle-only) - protocol amendment
52,4 ANCHORED,S05839,2011.0,"Petruschke, R.; Peniston, J.; Gold, M.; Wieman, M.; Altman, R.",Gastrointestinal and hepatic safety of diclofenac sodium 1% gel in patients with hand and knee osteoarthritis,,,Set aside: ANCHORED stream (placebo/vehicle-only) - protocol amendment
53,4 ANCHORED,S07779,2011.0,"Peniston, J.H.; Petruschke, R.A.; Gold, M.S.; Wieman, M.",Safety of topical diclofenac sodium 1% gel: A pooled analysis of randomized-controlled trials,,,Set aside: ANCHORED stream (placebo/vehicle-only) - protocol amendment
54,4 ANCHORED,S10634,2011.0,"Petruschke, R.; Peniston, J.; Gold, M.; Wieman, M.; Altman, R.",Effect sizes of diclofenac sodium 1% gel in randomized controlled trials of knee osteoarthritis,,,Set aside: ANCHORED stream (placebo/vehicle-only) - protocol amendment
55,4 ANCHORED,S19714,2025.0,"Choy, E; Walker, C; Chiaese, R; Biesheuvel, E; Suresh Kumbhar, S",EFFECTIVENESS OF CELECOXIB IN REDUCING OSTEOARTHRITIS (OA) PAIN IN PATIENTS WITH MODERATE AND SEVERE PAIN: ONCE-DAILY VS TWICEDAILY DOSING,,,Set aside: ANCHORED stream (placebo/vehicle-only) - protocol amendment
56,4 ANCHORED,S03521,2008.0,"Boswell, D.J.; Ostergaard, K.; Philipson, R.S.; Hodge, R.A.; Blum, D.; Brown, J.C.; Quessy, S.N.","Evaluation of GW406381 for treatment of osteoarthritis of the knee: Two randomized, controlled studies",,,Set aside: ANCHORED stream (placebo/vehicle-only) - protocol amendment
57,4 ANCHORED,S11494,2011.0,"Roth, S.H.; Fuller, P.",Diclofenac sodium topical solution 1.5% w/w with dimethyl sulfoxide compared with placebo for the treatment of osteoarthritis: Pooled safety results,,,Set aside: ANCHORED stream (placebo/vehicle-only) - protocol amendment
58,4 ANCHORED,S10700,1999.0,"Agrawal, NM; Caldwell, J; Kivitz, AJ; Weaver, AL; Bocanegra, TS; Ball, J; Dhadda, S; Hurley, S; Hancock, L",Comparison of the upper gastrointestinal safety of Arthrotec 75 and nabumetone in osteoarthritis patients at high risk for developing nonsteroidal anti-inflammatory drug-induced gastrointestinal ulcers,,,Set aside: ANCHORED stream (placebo/vehicle-only) - protocol amendment
59,4 ANCHORED,S08549,2009.0,"Marrero, C.E.; Tuten, C.; Shamim, T.; Awasty, V.; Agaiby, J.; Hassman, D.; Sutphen, J.; Frayssinet, H.; Duquesroix, B.","A randomized, parallel group, double blind, placebo and naproxen controlled, multicenter phase 3 study of naproxcinod in subjects with osteoarthritis of the knee: Efficacy results following 13-week treatment",,,Set aside: ANCHORED stream (placebo/vehicle-only) - protocol amendment
60,4 ANCHORED,S19972,1999.0,"Bensen, W.G.; Fiechtner, J.J.; Mcmillen, J.I.; Zhao, W.W.; Yu, S.S.; Woods, E.M.; Hubbard, R.C.; Isakson, P.C.; Verburg, K.M.; Steven Geis, G.","Treatment of osteoarthritis with celecoxib, a cyclooxygenase-2 inhibitor: A randomized controlled trial",,,Set aside: ANCHORED stream (placebo/vehicle-only) - protocol amendment
61,4 ANCHORED,S15253,2010.0,"Gammaitoni, A.; Smugar, S.; Wang, H.; Peloso, P.",Response to NSAIDs or placebo in osteoarthritis is primarily determined within the first week of treatment,,,Set aside: ANCHORED stream (placebo/vehicle-only) - protocol amendment
62,4 ANCHORED,S01618,2005.0,"Lohmander, LS; McKeith, D; Svensson, O; Malmenäs, M; Bolin, L; Kalla, A; Genti, G; Szechinski, J; Ramos-Remus, C","A randomised, placebo controlled, comparative trial of the gastrointestinal safety and efficacy of AZD3582 versus naproxen in osteoarthritis",,,Set aside: ANCHORED stream (placebo/vehicle-only) - protocol amendment
63,4 ANCHORED,S22425,2012.0,"Wieman, M.; Peniston, J.; Gold, M.; Alwine, L.",Age analysis of long-term safety of diclofenac sodium1% gel for patients with osteoarthritis of the knee,,,Set aside: ANCHORED stream (placebo/vehicle-only) - protocol amendment
64,4 ANCHORED,S07743,2009.0,"White W.B., Schnitzer T.J., Fleming R., Duquesroix B., Dijian J.",The hypertensive effects observed with traditional nsaids are less with the cyclooxygenase inhibiting nitric oxide donator naproxcinod in patients with osteoarthritis,,,Set aside: ANCHORED stream (placebo/vehicle-only) - protocol amendment
65,4 ANCHORED,S09604,2013.0,"Kneer, W; Rother, M; Mazgareanu, S; Seidel, EJ","A 12-week randomized study of topical therapy with three dosages of ketoprofen in Transfersome® gel (IDEA-033) compared with the ketoprofen-free vehicle (TDT 064), in patients with osteoarthritis of the knee",,,Set aside: ANCHORED stream (placebo/vehicle-only) - protocol amendment
66,4 ANCHORED,S22391,2024.0,"Monteiro, J.D.B.B.; Pinto, C.B.; Schnitzer, T.",Pain Rating Variability as a Predictor of Treatment Response in Osteoarthritis Clinical Trials,,,Set aside: ANCHORED stream (placebo/vehicle-only) - protocol amendment
67,4 ANCHORED,S08225,2007.0,"Dougados, M.; Moore, A.; Yu, S.; Gitton, X.","Evaluation of the Patient Acceptable Symptom State in a pooled analysis of two multicentre, randomised, double-blind, placebo-controlled studies evaluating lumiracoxib and celecoxib in patients with osteoarthritis",,,Set aside: ANCHORED stream (placebo/vehicle-only) - protocol amendment
68,4 ANCHORED,S00850,2000.0,"Scott, D.L.; Berry, H.; Capell, H.; Coppock, J.; Daymond, T.; Doyle, D.V.; Fernandes, L.; Hazleman, B.; Hunter, J.; Huskisson, E.C.; Jawad, A.; Jubb, R.; Kennedy, T.; McGill, P.; Nichol, F.; Palit, J.; Webley, M.; Woolf, A.; Wotjulewski, J.",The long-term effects of non-steroidal anti-inflammatory drugs in osteoarthritis of the knee: A randomized placebo-controlled trial,,,Set aside: ANCHORED stream (placebo/vehicle-only) - protocol amendment
69,4 ANCHORED,S12219,1995.0,"Huskisson, E.C.; Berry, H.; Gishen, P.; Jubb, R.W.; Whitehead, J.",Effects of antiinflammatory drugs on the progression of osteoarthritis of the knee,,,Set aside: ANCHORED stream (placebo/vehicle-only) - protocol amendment
70,4 ANCHORED,S18777,2000.0,"Yocum, D; Fleischmann, R; Dalgin, P; Caldwell, J; Hall, D; Roszko, P","Safety and efficacy of meloxicam in the treatment of osteoarthritis: a 12-week, double-blind, multiple-dose, placebo-controlled trial. The Meloxicam Osteoarthritis Investigators.",,,Set aside: ANCHORED stream (placebo/vehicle-only) - protocol amendment
71,4 ANCHORED,S13483,2001.0,"Lisse, J; Espinoza, L; Zhao, S Z; Dedhiya, S D; Osterhaus, J T",Functional status and health-related quality of life of elderly osteoarthritic patients treated with celecoxib.,,,Set aside: ANCHORED stream (placebo/vehicle-only) - protocol amendment
72,4 ANCHORED,S09526,2019.0,"Block, J.A.; Patel, B.; Garas, S.Y.",Bmi has minimal effect on reduction of symptoms in patients with osteoarthritis of the knee treated with diclofenac 1% gel,,,Set aside: ANCHORED stream (placebo/vehicle-only) - protocol amendment
73,4 ANCHORED,S10432,2000.0,"Saag, K; van der Heijde, D; Fisher, C; Samara, A; DeTora, L; Bolognese, J; Sperling, R; Daniels, B","Rofecoxib, a new cyclooxygenase 2 inhibitor, shows sustained efficacy, comparable with other nonsteroidal anti-inflammatory drugs: a 6-week and a 1-year trial in patients with osteoarthritis. Osteoarthritis Studies Group.",,,Set aside: ANCHORED stream (placebo/vehicle-only) - protocol amendment
74,4 ANCHORED,S16584,2001.0,"Williams, G.W.; Hubbard, R.C.; Yu, S.S.; Zhao, W.; Geis, G.S.",Comparison of once-daily and twice-daily administration of celecoxib for the treatment of osteoarthritis of the knee,,,Set aside: ANCHORED stream (placebo/vehicle-only) - protocol amendment
75,4 ANCHORED,S20688,2000.0,"Williams, G W; Ettlinger, R E; Ruderman, E M; Hubbard, R C; Lonien, M E; Yu, S S; Zhao, W; Geis, G S","Treatment of osteoarthritis with a once-daily dosing regimen of celecoxib: a randomized, controlled trial.",,,Set aside: ANCHORED stream (placebo/vehicle-only) - protocol amendment
76,4 ANCHORED,S20613,2026.0,"Choy, E.; Fuggle, N.; Biesheuvel, E.; Venugopal, S.; Kumbhar, S.S.; Chiaese, R.M.R.; Walker, C.; Reginster, J.-Y.",Different dosing regimens for chronic knee osteoarthritis (KOA) pain management: A pooled analysis on celecoxib,,,Set aside: ANCHORED stream (placebo/vehicle-only) - protocol amendment
77,4 ANCHORED,S02200,2001.0,"Ehrich, E W; Bolognese, J A; Watson, D J; Kong, S X",Effect of rofecoxib therapy on measures of health-related quality of life in patients with osteoarthritis.,,,Set aside: ANCHORED stream (placebo/vehicle-only) - protocol amendment
78,4 ANCHORED,S05776,2005.0,"Schnitzer, T.J.; Kivitz, A.J.; Lipetz, R.S.; Sanders, N.; Hee, A.",Comparison of the COX-inhibiting nitric oxide donator AZD3582 and rofecoxib in treating the signs and symptoms of osteoarthritis of the knee,,,Set aside: ANCHORED stream (placebo/vehicle-only) - protocol amendment
79,4 ANCHORED,S00714,2016.0,"Altman, R.; Hochberg, M.; Kivitz, A.; Gibofsky, A.; Solorio, D.; Imasogie, O.; Young, C.",Solumatrix meloxicam safety in older patients with osteoarthritis pain,,,Set aside: ANCHORED stream (placebo/vehicle-only) - protocol amendment
80,4 ANCHORED,S05986,2015.0,"Holt, R.J.; Fort, J.G.; Grahn, A.Y.; Kent, J.D.; Bello, A.E.",Onset and durability of pain relief in knee osteoarthritis: Pooled results from two placebo trials of naproxen/esomeprazole combination and celecoxib,,,Set aside: ANCHORED stream (placebo/vehicle-only) - protocol amendment
81,4 ANCHORED,S15062,2005.0,"Curtis, S.P.; Bockow, B.; Fisher, C.; Olaleye, J.; Compton, A.; Ko, A.T.; Reicin, A.S.","Etoricoxib in the treatment of osteoarthritis over 52-weeks: A double-blind, active-comparator controlled trial [NCT00242489]",,,Set aside: ANCHORED stream (placebo/vehicle-only) - protocol amendment
82,4 ANCHORED,S11559,2007.0,"Bingham, C O 3rd; Sebba, A I; Rubin, B R; Ruoff, G E; Kremer, J; Bird, S; Smugar, S S; Fitzgerald, B J; O'Brien, K; Tershakovec, A M","Efficacy and safety of etoricoxib 30 mg and celecoxib 200 mg in the treatment of osteoarthritis in two identically designed, randomized, placebo-controlled, non-inferiority studies.",,,Set aside: ANCHORED stream (placebo/vehicle-only) - protocol amendment
83,4 ANCHORED,S23183,2017.0,"Reginster, J.-Y.; Dudler, J.; Blicharski, T.; Pavelka, K.",Pharmaceutical-grade Chondroitin sulfate is as effective as celecoxib and superior to placebo in symptomatic knee osteoarthritis: The ChONdroitin versus CElecoxib versus Placebo Trial (CONCEPT),,,Set aside: ANCHORED stream (placebo/vehicle-only) - protocol amendment
84,4 ANCHORED,S24626,2011.0,"Baraf, H.S.B.; Gloth, F.M.; Barthel, H.R.; Gold, M.S.; Altman, R.D.","Safety and efficacy of topical diclofenac sodium gel for knee osteoarthritis in elderly and younger patients: Pooled data from three randomized, double-blind, parallel-group, placebo-controlled, multicentre trials",,,Set aside: ANCHORED stream (placebo/vehicle-only) - protocol amendment
85,4 ANCHORED,S22604,2009.0,"Altman, R.; Gloth, F.M.; Gold, M.S.; Petruschke, R.",Safety and efficacy of diclofenac sodium gel for knee osteoarthritis in patients aged <65 years versus 65 years,,,Set aside: ANCHORED stream (placebo/vehicle-only) - protocol amendment
86,4 ANCHORED,S20096,2001.0,"McKenna, F.; Borenstein, D.; Wendt, H.; Wallemark, C.; Lefkowith, J.B.; Geis, G.S.","Celecoxib versus diclofenac in the management of osteoarthritis of the knee: A placebo-controlled, randomised, double-blind comparison",,,Set aside: ANCHORED stream (placebo/vehicle-only) - protocol amendment
87,4 ANCHORED,S23996,2007.0,"Ghosh, S.; Paul, S.; Das, N.; Bhattacharyya, T.K.",A study on the effects of diclofenac sodium and etoricoxib in the treatment of osteo-arthritis,,,Set aside: ANCHORED stream (placebo/vehicle-only) - protocol amendment
88,4 ANCHORED,S01720,2004.0,"Schnitzer, T.J.; Beier, J.; Geusens, P.; Hasler, P.; Patel, S.K.; Senftleber, I.; Gitton, X.; Moore, A.; Sloan, V.S.; Poor, G.","Efficacy and safety of four doses of lumiracoxib versus diclofenac in patients with knee or hip primary osteoarthritis: A phase II, four-week, multicenter, randomized, double-blind, placebo controlled trial",,,Set aside: ANCHORED stream (placebo/vehicle-only) - protocol amendment
89,4 ANCHORED,S02553,1998.0,"Bocanegra, T S; Weaver, A L; Tindall, E A; Sikes, D H; Ball, J A; Wallemark, C B; Geis, G S; Fort, J G","Diclofenac/misoprostol compared with diclofenac in the treatment of osteoarthritis of the knee or hip: a randomized, placebo controlled trial. Arthrotec Osteoarthritis Study Group.",,,Set aside: ANCHORED stream (placebo/vehicle-only) - protocol amendment
90,4 ANCHORED,S03121,2013.0,"Rother, M; Conaghan, PG","A Randomized, Double-blind, Phase III Trial in Moderate Osteoarthritis Knee Pain Comparing Topical Ketoprofen Gel with Ketoprofen-free Gel",,,Set aside: ANCHORED stream (placebo/vehicle-only) - protocol amendment
91,4 ANCHORED,S06149,2013.0,"Rother, M.; Lipetz, R.; Dunmyer, S.","A double-blind, randomised, placebo-controlled trial to evaluate the safety and efficacy of epicutaneously applied ketoprofen in transfersome gel for the treatment of pain associated with osteoarthritis (OA) of the knee",,,Set aside: ANCHORED stream (placebo/vehicle-only) - protocol amendment
92,4 ANCHORED,S05419,2007.0,"Puopolo, A; Boice, JA; Fidelholtz, JL; Littlejohn, TW; Miranda, P; Berrocal, A; Ko, A; Cichanowitz, N; Reicin, AS",A randomized placebo-controlled trial comparing the efficacy of etoricoxib 30 mg and ibuprofen 2400 mg for the treatment of patients with osteoarthritis,,,Set aside: ANCHORED stream (placebo/vehicle-only) - protocol amendment
93,4 ANCHORED,S10273,2009.0,"Karlsson, J.; Pivodic, A.; Aguirre, D.; Schnitzer, T.J.","Efficacy, safety, and tolerability of the cyclooxygenase-inhibiting nitric oxide donator naproxcinod in treating osteoarthritis of the hip or knee",,,Set aside: ANCHORED stream (placebo/vehicle-only) - protocol amendment
94,4 ANCHORED,S21355,2006.0,"Moskowitz, RW; Sunshine, A; Hooper, M; Olson, NZ; Cawkwell, GD",An analgesic model for assessment of acute pain response in osteoarthritis of the knee,,,Set aside: ANCHORED stream (placebo/vehicle-only) - protocol amendment
95,4 ANCHORED,S16469,2005.0,"Wiesenhutter, C.W.; Boice, J.A.; Ko, A.; Sheldon, E.A.; Murphy, F.T.; Wittmer, B.A.; Aversano, M.L.; Reicin, A.S.","Evaluation of the comparative efficacy of etoricoxib and ibuprofen for treatment of patients with osteoarthritis: A randomized, double-blind, placebo-controlled trial",,,Set aside: ANCHORED stream (placebo/vehicle-only) - protocol amendment
96,4 ANCHORED,S24264,2015.0,"Altman, R.D.; Hochberg, M.; Gibofsky, A.; Tenzer, P.; Young, C.L.",Solumatrix diclofenac safety in older patients with osteoarthritis pain,,,Set aside: ANCHORED stream (placebo/vehicle-only) - protocol amendment
97,4 ANCHORED,S14642,1998.0,"Altman, R D; Moskowitz, R",Intraarticular sodium hyaluronate (Hyalgan) in the treatment of patients with osteoarthritis of the knee: a randomized clinical trial. Hyalgan Study Group.,,,Set aside: ANCHORED stream (placebo/vehicle-only) - protocol amendment
98,4 ANCHORED,S02514,2001.0,"Kivitz, A.J.; Makarowski, W.S.; Fiechtner, J.J.; Recker, D.P.",A flexible daily dosage regimen of oxaprozin potassium in patients with acute knee pain associated with osteoarthritis: 24-Hour analgesic durability and safety,,,Set aside: ANCHORED stream (placebo/vehicle-only) - protocol amendment
99,4 ANCHORED,S00493,2011.0,"Bingham Iii, C.O.; Smugar, S.S.; Wang, H.; Peloso, P.M.; Gammaitoni, A.","Predictors of Response to Cyclo-Oxygenase-2 Inhibitors in Osteoarthritis: Pooled Results from Two Identical Trials Comparing Etoricoxib, Celecoxib, and Placebo",,,Set aside: ANCHORED stream (placebo/vehicle-only) - protocol amendment
100,4 ANCHORED,S08969,2009.0,"Bingham III, C.O.; Smugar, S.S.; Wang, H.; Tershakovec, A.M.","Early response to COX-2 inhibitors as a predictor of overall response in osteoarthritis: Pooled results from two identical trials comparing etoricoxib, celecoxib and placebo",,,Set aside: ANCHORED stream (placebo/vehicle-only) - protocol amendment
101,4 ANCHORED,S24300,2008.0,"Bingham, CO; Bird, SR; Smugar, SS; Xu, X; Tershakovec, AM","Responder analysis and correlation of outcome measures: pooled results from two identical studies comparing etoricoxib, celecoxib, and placebo in osteoarthritis",,,Set aside: ANCHORED stream (placebo/vehicle-only) - protocol amendment
102,4 ANCHORED,S24335,2014.0,"Fort, J.; Holt, R.; Grahn, A.Y.; Steinmetz, J.; Zhang, Y.; Kent, J.","Onset, magnitude, and durability of pain relief in patients with knee OA receiving a fixed-dose combination tablet of Enteric-Coated (EC) naproxen plus immediate-release (IR) esomeprazole magnesium versus celecoxib and placebo: Pooled results from two randomized controlled trials",,,Set aside: ANCHORED stream (placebo/vehicle-only) - protocol amendment
103,4 ANCHORED,S11347,2003.0,"Gibofsky, A.; Williams, G.W.; McKenna, F.; Fort, J.G.","Comparing the Efficacy of Cyclooxygenase 2-Specific Inhibitors in Treating Osteoarthritis: Appropriate Trial Design Considerations and Results of a Randomized, Placebo-Controlled Trial",,,Set aside: ANCHORED stream (placebo/vehicle-only) - protocol amendment
104,4 ANCHORED,S13487,2020.0,"Bihlet, AR; Byrjalsen, I; Simon, LS; Carrara, D; Delpy, L; Derne, C","A novel diclofenac gel (AMZ001) applied once or twice daily in subjects with painful knee osteoarthritis: A randomized, placebo-controlled clinical trial",,,Set aside: ANCHORED stream (placebo/vehicle-only) - protocol amendment
105,4 ANCHORED,S00313,2020.0,"Bihlet, A.R.; Byrjalsen, I.; Nielsen, H.B.; Andersen, J.R.; Derne, C.; Delpy, L.; Carrara, D.","A placebo-controlled, double-blind, randomized, trial of AMZ001 - a novel diclofenac sodium 3.06% gel - for the treatment of knee osteoarthritis symptoms",,,Set aside: ANCHORED stream (placebo/vehicle-only) - protocol amendment
106,4 ANCHORED,S24789,2017.0,"Lee, M.; Yoo, J.; Kim, J.G.; Kyung, H.-S.; Bin, S.-I.; Kang, S.-B.; Choi, C.H.; Moon, Y.-W.; Kim, Y.-M.; Han, S.B.; In, Y.; Choi, C.H.; Kim, J.; Lee, B.K.; Cho, S.","A randomized, multicenter, phase III trial to evaluate the efficacy and safety of polmacoxib compared with celecoxib and placebo for patients with osteoarthritis",,,Set aside: ANCHORED stream (placebo/vehicle-only) - protocol amendment
107,4 ANCHORED,S08046,2004.0,"Kivitz, A.J.; Greenwald, M.W.; Cohen, S.B.; Polis, A.B.; Najarian, D.K.; Dixon, M.E.; Moidel, R.A.; Green, J.A.; Baraf, H.S.B.; Petruschke, R.A.; Matsumoto, A.K.; Geba, G.P.","Efficacy and Safety of Rofecoxib 12.5 mg Versus Nabumetone 1,000 mg in Patients with Osteoarthritis of the Knee: A Randomized Controlled Trial",,,Set aside: ANCHORED stream (placebo/vehicle-only) - protocol amendment
108,4 ANCHORED,S17519,2014.0,"Altman, R.; Hochberg, M.; Gibofsky, A.; Parenti, D.; Young, C.L.",Lower-dose SoluMatrix® meloxicam: Efficacy and safety in a phase 3 study in adults with osteoarthritis pain,,,Set aside: ANCHORED stream (placebo/vehicle-only) - protocol amendment
109,4 ANCHORED,S22003,2006.0,"Svensson, O; Malmenäs, M; Fajutrao, L; Roos, E M; Lohmander, L S","Greater reduction of knee than hip pain in osteoarthritis treated with naproxen, as evaluated by WOMAC and SF-36.",,,Set aside: ANCHORED stream (placebo/vehicle-only) - protocol amendment
110,4 ANCHORED,S02909,2016.0,"Altman, R.; Gibofsky, A.; Kivitz, A.; Solorio, D.; Sheridan, C.; Young, C.",A novel application of the medication event monitoring system to track rescue medication use in a phase 3 efficacy study of low-dose solumatrix meloxicam in patients with osteoarthritis pain,,,Set aside: ANCHORED stream (placebo/vehicle-only) - protocol amendment
111,4 ANCHORED,S16393,2006.0,"Weaver, A.L.; Messner, R.P.; Storms, W.W.; Polis, A.B.; Najarian, D.K.; Petruschke, R.A.; Geba, G.P.; Tershakovec, A.M.",Treatment of patients with osteoarthritis with rofecoxib compared with nabumetone,,,Set aside: ANCHORED stream (placebo/vehicle-only) - protocol amendment
112,4 ANCHORED,S04159,2017.0,"Gordo, A.C.; Walker, C.; Armada, B.; Zhou, D.","Efficacy of celecoxib versus ibuprofen for the treatment of patients with osteoarthritis of the knee: A randomized double-blind, non-inferiority trial",,,Set aside: ANCHORED stream (placebo/vehicle-only) - protocol amendment
113,4 ANCHORED,S25173,2013.0,"Asmus, M.J.; Essex, M.N.; Brownz, P.B.; Mallen, S.R.",Efficacy and tolerability of celecoxib in patients with osteoarthritis who previously did not respond to or did not tolerate naproxen and ibuprofen: Results from 2 identically designed randomized trials,,,Set aside: ANCHORED stream (placebo/vehicle-only) - protocol amendment
114,4 ANCHORED,S22796,2014.0,"Asmus, M.J.; Essex, M.N.; Brown, P.B.; Mallen, S.R.",Efficacy and tolerability of celecoxib in osteoarthritis patients who previously failed naproxen and ibuprofen: Results from two trials,,,Set aside: ANCHORED stream (placebo/vehicle-only) - protocol amendment
115,4 ANCHORED,S22197,2019.0,"Fraenkel, L.; Buta, E.; Goulet, J.; Brennan, M.; Heapy, A.; Suter, L.",Stopping nsaids for arthritis pain (SNAP): A randomized withdrawal trial comparing nsaids to cognitive behavioral therapy,,,Set aside: ANCHORED stream (placebo/vehicle-only) - protocol amendment
116,4 ANCHORED,S09890,2013.0,"Essex, M.N.; O'Connell, M.A.; Behar, R.; Brown, P.B.",Response to nonsteroidal anti-inflammatory agents in asian patients with osteoarthritis of the knee,,,Set aside: ANCHORED stream (placebo/vehicle-only) - protocol amendment
117,4 ANCHORED,S06843,1996.0,"Schiff, M.H.",A comparison of Naprelan and Naprosyn in the treatment of osteoarthritis of the knee.,,,Set aside: ANCHORED stream (placebo/vehicle-only) - protocol amendment
118,4 ANCHORED,S24484,1996.0,"Makarowski, W.; Weaver, A.; Rubin, B.; Caldwell, J.; McMahon, F.G.; Noveck, R.J.; Lee, D.; Offenberg, H.; Sack, M.; Sikes, D.; Trapp, R.; Rush, S.; Kuss, M.; Ganju, J.; Bocanegra, T.S.; Ratliff, J.M.","The efficacy, tolerability, and safety of 1200 mg/d of oxaprozin and 1500 mg/d of nabumetone in the treatment of patients with osteoarthritis of the knee",,,Set aside: ANCHORED stream (placebo/vehicle-only) - protocol amendment
119,4 ANCHORED,S02425,1990.0,"Esselinckx, W.; Stenier, P.",Double-blind comparative study of tenoxicam in arthrosis of the knee and hip,,,Set aside: ANCHORED stream (placebo/vehicle-only) - protocol amendment
120,4 ANCHORED,S24277,2004.0,"Roth, Sanford H; Shainhouse, J Zev","Efficacy and safety of a topical diclofenac solution (pennsaid) in the treatment of primary osteoarthritis of the knee: a randomized, double-blind, vehicle-controlled clinical trial.",,,Set aside: ANCHORED stream (placebo/vehicle-only) - protocol amendment
121,4 ANCHORED,S05328,2012.0,"Essex, M.N.; O'Connell, M.; Bhadra Brown, P.",Response to nonsteroidal antiinflammatory drugs in African Americans with osteoarthritis of the knee,,,Set aside: ANCHORED stream (placebo/vehicle-only) - protocol amendment
122,4 ANCHORED,S09350,2017.0,"Strand, V.; Bergman, M.; Singh, J.A.; Gibofsky, A.; Kivitz, A.; Young, C.",Low-dose SoluMatrix diclofenac in patients with osteoarthritis pain: impact on quality of life in a controlled trial,,,Set aside: ANCHORED stream (placebo/vehicle-only) - protocol amendment
123,4 ANCHORED,S06035,2014.0,"Strand, V.; Bergman, M.; Parenti, D.; Nezzer, J.; Young, C.",A phase 3 randomized controlled trial of lower-dose diclofenac capsules in patients with osteoarthritis pain: Impact on patient-reported outcomes,,,Set aside: ANCHORED stream (placebo/vehicle-only) - protocol amendment
124,4 ANCHORED,S11023,2014.0,"Young, C.; Parenti, D.; Hochberg, M.",Lower-dose diclofenac capsules developed using solumatrix fine particle technology result in clinically meaningful improvements in pain in a phase 3 study of patients with osteoarthritis,,,Set aside: ANCHORED stream (placebo/vehicle-only) - protocol amendment
125,4 ANCHORED,S01279,2013.0,"Young, C.; Hochberg, M.C.",Safety of lower-dose diclofenac submicron particle capsules dosed up to 12 weeks in patients with osteoarthritis,,,Set aside: ANCHORED stream (placebo/vehicle-only) - protocol amendment
126,4 ANCHORED,S11648,2013.0,"Gibofsky, A.; Hochberg, M.; Young, C.",A phase 3 study of lower-dose diclofenac submicron particle capsules demonstrates effective pain relief in patients with osteoarthritis,,,Set aside: ANCHORED stream (placebo/vehicle-only) - protocol amendment
127,4 ANCHORED,S01374,2012.0,"Roth, S.H.; Fuller, P.",Pooled safety analysis of diclofenac sodium topical solution 1.5% (w/w) in the treatment of osteoarthritis in patients aged 75 years or older,,,Set aside: ANCHORED stream (placebo/vehicle-only) - protocol amendment
128,4 ANCHORED,S15447,1997.0,"Fleischmann, R.M.; Flint, K.; Constantine, G.; Kolecki, B.",A double-masked comparison of Naprelan® and nabumetone in osteoarthritis of the knee,,,Set aside: ANCHORED stream (placebo/vehicle-only) - protocol amendment
129,4 ANCHORED,S25369,2009.0,"Altman, R.; Clark, M.; Gold, M.","Safety and efficacy of diclofenac sodium 1% gel in unilateral and bilateral osteoarthritis of the knee: A randomized, double-blind, placebo-controlled trial",,,Set aside: ANCHORED stream (placebo/vehicle-only) - protocol amendment
130,4 ANCHORED,S04463,2016.0,"Wadsworth, L.T.; Kent, J.D.; Holt, R.J.","Efficacy and safety of diclofenac sodium 2% topical solution for osteoarthritis of the knee: A randomized, double-blind, vehicle-controlled, 4 week study",,,Set aside: ANCHORED stream (placebo/vehicle-only) - protocol amendment
131,4 ANCHORED,S23859,2006.0,"Brühlmann, P.; De Vathaire, F.; Dreiser, R.L.; Michel, B.A.",Short-term treatment with topical diclofenac epolamine plaster in patients with symptomatic knee osteoarthritis: Pooled analysis of two randomised clinical studies,,,Set aside: ANCHORED stream (placebo/vehicle-only) - protocol amendment
132,4 ANCHORED,S14953,2019.0,"Hochberg, M.C.; Patel, B.; Garas, S.Y.; Altman, R.",Clinically relevant improvements in knee osteoarthritis pain with diclofenac sodium gel 1%,,,Set aside: ANCHORED stream (placebo/vehicle-only) - protocol amendment
133,4 ANCHORED,S21861,2009.0,"Barthel, H.R.; Haselwood, D.; Longley III, S.; Gold, M.S.; Altman, R.D.",Randomized Controlled Trial of Diclofenac Sodium Gel in Knee Osteoarthritis,,,Set aside: ANCHORED stream (placebo/vehicle-only) - protocol amendment
134,4 ANCHORED,S23875,1995.0,"Dore, R; Ballard, I; Constantine, G; McDonald, P","Efficacy and safety of etodolac and naproxen in patients with osteoarthritis of the knee: a double-blind, placebo-controlled study.",,,Set aside: ANCHORED stream (placebo/vehicle-only) - protocol amendment
135,4 ANCHORED,S20534,2009.0,"Schmidt, W.K.; Lehnhardt, K.; Hettwer, J.; Nadashkevich, O.; Szombati, I.; Povoroznyuk, V.; Chung, B.; Nam, H.S.; Cho, S.S.; Ro, S.; Cho, J.M.","CG100649, a tissue-specific dual inhibitor of COX-2 and carbonic anhydrase: Phase 2a clinical trial in hip & knee osteoarthritis",,,Set aside: ANCHORED stream (placebo/vehicle-only) - protocol amendment
136,4 ANCHORED,S03911,2014.0,"Essex, M.N.; Behar, R.; O'Connell, M.A.; Brown, P.B.",Efficacy and tolerability of celecoxib and naproxen versus placebo in Hispanic patients with knee osteoarthritis,,,Set aside: ANCHORED stream (placebo/vehicle-only) - protocol amendment
137,4 ANCHORED,S08238,2001.0,"Ottillinger, B; Gömör, B; Michel, BA; Pavelka, K; Beck, W; Elsasser, U",Efficacy and safety of eltenac gel in the treatment of knee osteoarthritis,,,Set aside: ANCHORED stream (placebo/vehicle-only) - protocol amendment
138,4 ANCHORED,S20088,2002.0,"Leung, Albert T; Malmstrom, Kerstin; Gallacher, Alberto E; Sarembock, Brian; Poor, Gyula; Beaulieu, Andre; Castro, Ricardo; Sanchez, Matilde; Detora, Lisa M; Ng, Jennifer","Efficacy and tolerability profile of etoricoxib in patients with osteoarthritis: A randomized, double-blind, placebo and active-comparator controlled 12-week efficacy trial.",,,Set aside: ANCHORED stream (placebo/vehicle-only) - protocol amendment
139,4 ANCHORED,S08400,2011.0,"Rother, M.; Rother, I.",How investigational site quality may impact the outcome of clinical pain studies,,,Set aside: ANCHORED stream (placebo/vehicle-only) - protocol amendment
140,4 ANCHORED,S14262,1999.0,"Ehrich, E.W.; Schnitzer, T.J.; McIlwain, H.; Levy, R.; Wolfe, F.; Weisman, M.; Zeng, Q.; Morrison, B.; Bolognese, J.; Seidenberg, B.; Gertz, B.J.","Effect of specific COX-2 inhibition in osteoarthritis of the knee: A 6 week double blind, placebo controlled pilot study of rofecoxib",,,Set aside: ANCHORED stream (placebo/vehicle-only) - protocol amendment
141,4 ANCHORED,S24527,2019.0,Watt FE; Blauwet MB; Fakhoury A; Jacobs H; Smulders R; Lane NE,Tropomyosin-related kinase A (TrkA) inhibition for the treatment of painful knee osteoarthritis: results from a randomized controlled phase 2a trial.,,,Set aside: ANCHORED stream (placebo/vehicle-only) - protocol amendment
142,4 ANCHORED,S09020,2010.0,"Baraf, H.S.B.; Gold, M.S.; Clark, M.B.; Altman, R.D.",Safety and efficacy of topical diclofenac sodium 1% gel in knee osteoarthritis: A randomized controlled trial,,,Set aside: ANCHORED stream (placebo/vehicle-only) - protocol amendment
143,4 ANCHORED,S25344,2014.0,"Jensen, M.P.; Molton, I.R.",The reciprocal effects of pain intensity and activity limitations: Implications for outcomes assessment in clinical trials,,,Set aside: ANCHORED stream (placebo/vehicle-only) - protocol amendment
144,4 ANCHORED,S05185,2004.0,"Gineyts, E.; Mo, J.A.; Ko, A.; Henriksen, D.B.; Curtis, S.P.; Gertz, B.J.; Garnero, P.; Delmas, P.D.",Effects of ibuprofen on molecular markers of cartilage and synovium turnover in patients with knee osteoarthritis synovium turnover in patients with osteoarthritis,,,Set aside: ANCHORED stream (placebo/vehicle-only) - protocol amendment
145,4 ANCHORED,S08696,1985.0,"Germain, B.F.",A placebo-controlled study of diclofenac sodium for the treatment of osteoarthritis of the hip and knee,,,Set aside: ANCHORED stream (placebo/vehicle-only) - protocol amendment
146,4 ANCHORED,S08728,2026.0,Pinto CB; Barroso J; Schnitzer TJ,Pain rating variability and response to treatment in osteoarthritis clinical trials.,,,Set aside: ANCHORED stream (placebo/vehicle-only) - protocol amendment
147,4 ANCHORED,S20706,2001.0,"McKenna, F; Weaver, A; Fiechtner, JJ; Bello, AE; Fort, JG","COX-2 specific inhibitors in the management of osteoarthritis of the knee: A placebo-controlled, randomized, double-blind study",,,Set aside: ANCHORED stream (placebo/vehicle-only) - protocol amendment
148,4 ANCHORED,S03150,2011.0,"Petersen, S.G.; Beyer, N.; Hansen, M.; Holm, L.; Aagaard, P.; MacKey, A.L.; Kjaer, M.",Nonsteroidal anti-inflammatory drug or glucosamine reduced pain and improved muscle strength with resistance training in a randomized controlled trial of knee osteoarthritis patients,,,Set aside: ANCHORED stream (placebo/vehicle-only) - protocol amendment
149,4 ANCHORED,S03552,1988.0,"Svarcova, J.; Zvarova, J.; Kouba, A.; Trnavsky, K.",Does physiotherapy affect the pain in activated arthrosis?,,,Set aside: ANCHORED stream (placebo/vehicle-only) - protocol amendment
150,4 ANCHORED,S05270,1985.0,Posner SL,"Six-week, double-blind, placebo-controlled and long-term, open-label multicenter study of isoxicam in treatment of degenerative joint disease.",,,Set aside: ANCHORED stream (placebo/vehicle-only) - protocol amendment
151,4 ANCHORED,S02677,2021.0,"Tanabe, H; Doi, T; Akai, M; Fujino, K; Arai, S; Hayashi, K","Effect and usability of anti-inflammatory drug plasters for knee osteoarthritis: A crossover, double-blind, repeated measures, randomized controlled trial",,,Set aside: ANCHORED stream (placebo/vehicle-only) - protocol amendment
152,4 ANCHORED,S00961,2001.0,"Dickson, D.J.; Hosie, G.; English, J.R.","A double-blind, placebo-controlled comparison of hylan G-F 20 against diclofenac in knee osteoarthritis",,,Set aside: ANCHORED stream (placebo/vehicle-only) - protocol amendment
153,4 ANCHORED,S01005,2016.0,"Altman, R.; Hochberg, M.; Kivitz, A.; Gibofsky, A.; Solorio, D.; Young, C.",Low-dose solumatrix meloxicam results in clinically meaningful improvements in pain in a phase 3 study of patients with osteoarthritis,,,Set aside: ANCHORED stream (placebo/vehicle-only) - protocol amendment
154,4 ANCHORED,S11465,1998.0,"Lund, B; Distel, M; Bluhmki, E","A double-blind, randomized, placebo-controlled study of efficacy and tolerance of meloxicam treatment in patients with osteoarthritis of the knee.",,,Set aside: ANCHORED stream (placebo/vehicle-only) - protocol amendment
155,4 ANCHORED,S03885,2021.0,"Conaghan, P.; Chevalier, X.; Mindeholm, L.; Schramm, U.; Praestgaard, J.; Seroutou, A.; Roubenoff, R.; Schieker, M.","Intra-articular canakinumab (anti-interleukin-1β) for treatment of symptomatic knee osteoarthritis: A randomized, double-blind, placebo and naproxen-controlled phase ii study",,,Set aside: ANCHORED stream (placebo/vehicle-only) - protocol amendment
156,4 ANCHORED,S18256,2014.0,"Barrett, T.; Franke, R.; Cheruvu, N.; Giuliani, M.; Ward, J.; Devarakonda, K.",An assessment of the efficacy and tolerability of diclofenac sodium 2% topical solution for treating osteoarthritis of the knee,,,Set aside: ANCHORED stream (placebo/vehicle-only) - protocol amendment
157,4 ANCHORED,S05874,2019.0,"Dehghan, M.; Asgharian, S.; Khalesi, E.; Ahmadi, A.; Lorigooini, Z.",Comparative study of the effect of Thymus daenensis gel 5% and diclofenac in patients with knee osteoarthritis,Dehghan 2019 (Thymus gel),main record,RECLASSIFY ANCHORED -> COMBINATION; download
158,4 ANCHORED,S07972,2002.0,"Petrella, Robert John; DiSilvestro, Mathew Dennis; Hildebrand, Catherine","Effects of hyaluronate sodium on pain and physical functioning in osteoarthritis of the knee: a randomized, double-blind, placebo-controlled clinical trial.",,,Set aside: ANCHORED stream (placebo/vehicle-only) - protocol amendment
159,4 ANCHORED,S06647,1999.0,"Zhao, S.Z.; Dedhiya, S.D.; Bocanegra, T.S.; Fort, J.G.; Kuss, M.E.; Rush, S.M.",Health-Related quality-of-life effects of oxaprozin and nabumetone in patients with osteoarthritis of the knee,,,Set aside: ANCHORED stream (placebo/vehicle-only) - protocol amendment
160,4 ANCHORED,S03539,1995.0,"Weaver, A; Rubin, B; Caldwell, J; McMahon, F G; Lee, D; Makarowski, W; Offenberg, H; Sack, M; Sikes, D; Trapp, R",Comparison of the efficacy and safety of oxaprozin and nabumetone in the treatment of patients with osteoarthritis of the knee.,,,Set aside: ANCHORED stream (placebo/vehicle-only) - protocol amendment
161,4 ANCHORED,S22526,1989.0,"Williams, P I; Hosie, J; Scott, D L","Etodolac therapy for osteoarthritis: a double-blind, placebo-controlled trial.",,,Set aside: ANCHORED stream (placebo/vehicle-only) - protocol amendment
162,4 ANCHORED,S02526,2022.0,"Khuangsirikul S., Pisuttanawat M., Heebthamai D., Chotanaphuti T.",EFFECT OF TRANSDERMAL MICRONEEDLE PATCH WITH NSAID IN OSTEOARTHRITIC KNEE,,,Set aside: ANCHORED stream (placebo/vehicle-only) - protocol amendment
163,4 ANCHORED,S17716,1974.0,"Solomon, L.; Abrams, G.",Orudis in the management of osteo arthritis of the knee. A double blind trial,,,Set aside: ANCHORED stream (placebo/vehicle-only) - protocol amendment
164,4 ANCHORED,S24545,2025.0,"Abbasifard, M.; Bazmandegan, G.; Ayoobi, F.; Najmaddini, P.; Kamiab, Z.",The effects of topical Achillea millefolium oil in patients with knee osteoarthritis: A randomized double-blind active-controlled clinical trial,,,Set aside: ANCHORED stream (placebo/vehicle-only) - protocol amendment
165,4 ANCHORED,S23323,2023.0,"Abbasifard, M.; Kamiab, Z.; Bazmandegan, G.; Vazirinejad, R.; Nezhadkoorki, F.; Hassanipour, M.",Topical Pistacia vera L. Seed Oil Preparation and Its Effects on Knee Osteoarthritis Through a Randomized Double-blind Controlled Clinical Trial,,,Set aside: ANCHORED stream (placebo/vehicle-only) - protocol amendment
166,4 ANCHORED,S01233,2004.0,"Bookman, Arthur A M; Williams, Kate S A; Shainhouse, J Zev",Effect of a topical diclofenac solution for relieving symptoms of primary osteoarthritis of the knee: a randomized controlled trial.,,,Set aside: ANCHORED stream (placebo/vehicle-only) - protocol amendment
167,4 ANCHORED,S20897,2003.0,"Case, JP; Baliunas, AJ; Block, JA","Lack of efficacy of acetaminophen in treating symptomatic knee osteoarthritis - A randomized, double-blind, placebo-controlled comparison trial with diclofenac sodium",,,Set aside: ANCHORED stream (placebo/vehicle-only) - protocol amendment
168,4 ANCHORED,S19742,1993.0,"Dreiser, R L; Tisne-Camus, M",DHEP plasters as a topical treatment of knee osteoarthritis--a double-blind placebo-controlled study.,,,Set aside: ANCHORED stream (placebo/vehicle-only) - protocol amendment
169,4 ANCHORED,S17384,2023.0,"Abbasifard M., Mousavi F.M., Hassanipour M., Baghery F., Falahati-pour S.K.",Topical formulation of Pistacia vera L. pericarp on knee osteoarthritis: A randomized placebo controlled clinical trial,,,Set aside: ANCHORED stream (placebo/vehicle-only) - protocol amendment
170,4 ANCHORED,S04910,2012.0,"Huggins, J.P.; Smart, T.S.; Langman, S.; Taylor, L.; Young, T.","An efficient randomised, placebo-controlled clinical trial with the irreversible fatty acid amide hydrolase-1 inhibitor PF-04457845, which modulates endocannabinoids but fails to induce effective analgesia in patients with pain due to osteoarthritis of the knee",,,Set aside: ANCHORED stream (placebo/vehicle-only) - protocol amendment
171,4 ANCHORED,S15552,2013.0,"Varadi G., Zhu Z., Blättler T., Hösle M., Loher A., Pokorny R., Frey D., Carter S.G.",Randomized clinical trial evaluating transdermal ibuprofen for moderate to severe knee osteoarthritis,,,Set aside: ANCHORED stream (placebo/vehicle-only) - protocol amendment
172,4 ANCHORED,S19670,1976.0,"Tanaka, S.; Ito, T.; Mori, E.; Muroga, T.; Nakajima, A.",Double-blind study of Naproxen in osteoarthritis of the knee joint.,,,Set aside: ANCHORED stream (placebo/vehicle-only) - protocol amendment
173,4 ANCHORED,S15762,1993.0,"Dreiser, R.L.; Riebenfeld, D.","Nimesulide in the Treatment of Osteoarthritis: Double-Blind Studies in Comparison with Piroxicam, Ketoprofen and Placebo",,,Set aside: ANCHORED stream (placebo/vehicle-only) - protocol amendment
174,4 ANCHORED,S16833,2011.0,"Akinbo, S.; Owoeye, A.; Adesegun, S.A.",Comparison of the therapeutic efficacy of diclofenac sodium and methyl salicylate phonophoresis in the management of knee osteoarthritis,,,Set aside: ANCHORED stream (placebo/vehicle-only) - protocol amendment
175,4 ANCHORED,S16335,2023.0,"Kianbakht, S.; Nabati, F.; Hashem-Dabaghian, F.","Effects of topical Persian medicine Amygdalus communis L. var. Amara kernel oil on the symptoms of knee osteoarthritis: a randomized, triple-blind, active, and placebo-controlled clinical trial",,,Set aside: ANCHORED stream (placebo/vehicle-only) - protocol amendment
176,4 ANCHORED,S19583,1993.0,"Dieppe, P.; Cushnaghan, J.; Jasani, M.K.; Mccrae, F.; Watt, I.","A two-year, placebo-controlled trial of non-steroidal anti-inflammatory therapy in osteoarthritis of the knee joint",,,Set aside: ANCHORED stream (placebo/vehicle-only) - protocol amendment
177,4 ANCHORED,S05155,1995.0,"Tuzun, F.; Gencosmanoglu, B.; Tuzun, S.","The efficacy of nabumetone in the treatment of gonarthrosis: A placebo controlled, blind study",,,Set aside: ANCHORED stream (placebo/vehicle-only) - protocol amendment
178,4 ANCHORED,S22675,1980.0,"Fellmann, N.; Pavletic, B.",Double-blind study with the antirheumatic tolmetin in the treatment of inpatients with osteoarthritis of hips and knees,,,Set aside: ANCHORED stream (placebo/vehicle-only) - protocol amendment
179,4 ANCHORED,S20677,2013.0,"Luksurapan W., Boonhong J.",Effects of phonophoresis of piroxicam and ultrasound on symptomatic knee osteoarthritis,,,Set aside: ANCHORED stream (placebo/vehicle-only) - protocol amendment
180,4 ANCHORED,S08561,2004.0,"Biegert, C.; Wagner, I.; Lüdtke, R.; Kötter, I.; Lohmüller, C.; Günaydin, I.; Taxis, K.; Heide, L.",Efficacy and safety of willow bark extract in the treatment of osteoarthritis and rheumatoid arthritis: Results of 2 randomized double-blind controlled trials,,,Set aside: ANCHORED stream (placebo/vehicle-only) - protocol amendment
181,4 ANCHORED,S14195,1974.0,"El Mehairy, M.M.; Shaker, A.; El Dein Bahgat, N.","A double blind comparison of niflumic acid with phenylbutazone, oxyphenylbutazone and placebo in the treatment of osteoarthrosis",,,Set aside: ANCHORED stream (placebo/vehicle-only) - protocol amendment
182,4 ANCHORED,S18745,1976.0,"Hingorani, K",A comparative study of azapropazone and ibuprofen in the treatment of osteoarthrosis of the knee.,,,Set aside: ANCHORED stream (placebo/vehicle-only) - protocol amendment
183,4 ANCHORED,S06642,1996.0,"Oncel, A.; Eskiyurt, N.; Aki, S.; Tiryaki, D.",The effect of tenoxicam on the changes of prostaglandin E2 levels in cases of osteoarthritis of the knee,,,Set aside: ANCHORED stream (placebo/vehicle-only) - protocol amendment
184,4 ANCHORED,S10289,1996.0,"Ozoran, K; Caner, N; Seckin, GU; Ucan, H; Yucel, M","Diflunisal (Dolphin (R)) treatment in knee osteoarthritis: double blind, placebo controlled study",,,Set aside: ANCHORED stream (placebo/vehicle-only) - protocol amendment
185,4 ANCHORED,S08024,1983.0,Lopez Sanchez J; Yanez Marchena G,"Meclofenamate sodium, phenylbutazone, and naproxen in the treatment of degenerative joint disease. Report of a placebo-controlled double-blind clinical comparison.",,,Set aside: ANCHORED stream (placebo/vehicle-only) - protocol amendment
186,4 ANCHORED,S17210,2001.0,"Uzun, H; Tuzun, S; Ozaras, N; Aydin, S; Ozaras, R; Dondurmaci, S; Tuzun, F",The effect of flurbiprofen and tiaprofenic acid on serum cytokine levels of patients with osteoarthrosis.,,,Set aside: ANCHORED stream (placebo/vehicle-only) - protocol amendment
187,4 ANCHORED,S13010,2011.0,"Goni, V.G.; Raza, K.; Bhatia, A.; Sudesh, P.; Gopinathan, N.R.; Rajan, S.V.; Kantharajanna, S.B.; Singh, B.; Katare, O.P.","Lipogel of an anti-inflammatory agent: Randomized, double-blind clinical trial for evaluation of the efficacy and safety in patients with signs and symptoms of osteoarthritis of the HIP, knees and hands",,,Set aside: ANCHORED stream (placebo/vehicle-only) - protocol amendment
188,4 ANCHORED,S16017,2010.0,"Goni, V.; Bhatia, A.; Pebam, S.; Taneja, A.; Tahasildar, N.; Rajan, S.; Amarji, B.; Singh, B.; Katare, O.P.","Novel liposomal gel of an anti-inflammatory agent: Randomized, double-blind clinical trial for evaluation of the efficacy and safety in patients with signs and symptoms of osteoarthritis of the knees",,,Set aside: ANCHORED stream (placebo/vehicle-only) - protocol amendment
189,4 ANCHORED,S19674,2023.0,"Zhou, J.; Zeng, F.; Cheng, S.; Dong, X.; Jiang, N.; Zhang, X.; Tang, C.; He, W.; Chen, Y.; Sun, N.; Zhou, Y.; Li, X.; Hu, S.; Sun, R.; Wintermark, M.; Yang, W.; Liang, F.; Li, Z.",Modulation effects of different treatments on periaqueductal gray resting state functional connectivity in knee osteoarthritis knee pain patients,,,Set aside: ANCHORED stream (placebo/vehicle-only) - protocol amendment
190,4 ANCHORED,S14267,2000.0,Hurwitz DE; Ryals AR; Block JA; Sharma L; Schnitzer TJ; Andriacchi TP,Knee pain and joint loading in subjects with osteoarthritis of the knee.,,,Set aside: ANCHORED stream (placebo/vehicle-only) - protocol amendment
191,4 ANCHORED,S21303,1995.0,"Schnitzer, T J; Ballard, I M; Constantine, G; McDonald, P","Double-blind, placebo-controlled comparison of the safety and efficacy of orally administered etodolac and nabumetone in patients with active osteoarthritis of the knee.",,,Set aside: ANCHORED stream (placebo/vehicle-only) - protocol amendment
192,4 ANCHORED,S24229,1995.0,"Karaoglan, B.; Erten, A.; Ayhan, F.; Dumlu, S.; Oguz, A.; Erdem, R.",The effects of etodolac on the clinical course and gastric mucosal PGE of knee osteoarthritis,,,Set aside: ANCHORED stream (placebo/vehicle-only) - protocol amendment
193,4 ANCHORED,S10900,1975.0,"Aagaard, J.",Treatment of osteoarthrosis with naproxen (Danish),,,Set aside: ANCHORED stream (placebo/vehicle-only) - protocol amendment
194,4 ANCHORED,S23160,2011.0,"Raif S.L., Sivrioʇlu K., Özc¸akir I., Küc¸ükoʇlu S.",Effectiveness of iontophoresis in knee osteoarthritis,,,Set aside: ANCHORED stream (placebo/vehicle-only) - protocol amendment
195,4 ANCHORED,S06817,1984.0,Gillgrass J; Grahame R,Nabumetone: a double-blind study in osteoarthrosis.,,,Set aside: ANCHORED stream (placebo/vehicle-only) - protocol amendment
196,4 ANCHORED,S25656,2025.0,"Abbasifard, M; Moosavi, Z; Azimi, M; Kamiab, Z; Bazmandegan, G; Madahian, A; Raeiszadeh, M",Effect of Topical Hemp ( Cannabis sativa L.) Seed Oil on Knee Osteoarthritis: A Randomized Double-Blind Controlled Trial,,,Set aside: ANCHORED stream (placebo/vehicle-only) - protocol amendment
197,4 ANCHORED,S05822,2024.0,"Nicholson, K.; Sanchez, E.; Maybaum, N.; Petruschke, R.",Diclofenac Sodium 1% Gel Improves Physical Function in the Performance of Important Activities of Daily Living in Patients with Hand or Knee Osteoarthritis,,,Set aside: ANCHORED stream (placebo/vehicle-only) - protocol amendment
198,4 ANCHORED,S05803,2020.0,"Bhatia, A.; Goni, V.; Chopra, S.; Singh, B.; Katare, O.P.","Evaluation of efficacy and safety of a novel lipogel containing diclofenac: A randomized, placebo controlled, double-blind clinical trial in patients with signs and symptoms of osteoarthritis",,,Set aside: ANCHORED stream (placebo/vehicle-only) - protocol amendment
199,4 ANCHORED,S16448,2019.0,"Treister, R.; Honigman, L.; Lawal, O.D.; Lanier, R.K.; Katz, N.P.","A deeper look at pain variability and its relationship with the placebo response: Results from a randomized, double-blind, placebo-controlled clinical trial of naproxen in osteoarthritis of the knee",,,Set aside: ANCHORED stream (placebo/vehicle-only) - protocol amendment
200,4 ANCHORED,S24105,2019.0,"Kushner, P.; Patel, B.; Garas, S.Y.","Minimal clinically important improvement (MCII) in knee osteoarthritis: A post hoc analysis of a prospective, randomized clinical trial of diclofenac sodium gel (DSG) 1%",,,Set aside: ANCHORED stream (placebo/vehicle-only) - protocol amendment
201,4 ANCHORED,S15288,2017.0,"Yataba, I.; Otsuka, N.; Matsushita, I.; Matsumoto, H.; Hoshino, Y.","The efficacy and safety of s-flurbiprofen plaster in the treatment of knee osteoarthritis: A phase ii, randomized, double-blind, placebo-controlled, dose-finding study",,,Set aside: ANCHORED stream (placebo/vehicle-only) - protocol amendment
202,4 ANCHORED,S16156,2017.0,"Moss, P; Benson, HAE; Will, R; Wright, A","Fourteen days of etoricoxib 60 mg improves pain, hyperalgesia and physical function in individuals with knee osteoarthritis: a randomized controlled trial",,,Set aside: ANCHORED stream (placebo/vehicle-only) - protocol amendment
203,4 ANCHORED,S07554,2016.0,"Essex, M.N.; O'Connell, M.A.; Behar, R.; Bao, W.","Efficacy and safety of nonsteroidal anti-inflammatory drugs in Asian patients with knee osteoarthritis: Summary of a randomized, placebo-controlled study",,,Set aside: ANCHORED stream (placebo/vehicle-only) - protocol amendment
204,4 ANCHORED,S18163,2016.0,"Arendt-Nielsen, L.; Egsgaard, L.L.; Petersen, K.K.",Evidence for a central mode of action for etoricoxib (COX-2 inhibitor) in patients with painful knee osteoarthritis,,,Set aside: ANCHORED stream (placebo/vehicle-only) - protocol amendment
205,4 ANCHORED,S17303,2015.0,Altman R; Hochberg M; Gibofsky A; Jaros M; Young C,"Efficacy and safety of low-dose SoluMatrix meloxicam in the treatment of osteoarthritis pain: a 12-week, phase 3 study.",,,Set aside: ANCHORED stream (placebo/vehicle-only) - protocol amendment
206,4 ANCHORED,S21900,2015.0,"Trudeau, J.; Van Inwegen, R.; Eaton, T.; Bhat, G.; Paillard, F.; Ng, D.; Tan, K.; Katz, N.P.","Assessment of Pain and Activity Using an Electronic Pain Diary and Actigraphy Device in a Randomized, Placebo-Controlled Crossover Trial of Celecoxib in Osteoarthritis of the Knee",,,Set aside: ANCHORED stream (placebo/vehicle-only) - protocol amendment
207,4 ANCHORED,S13480,2014.0,Gibofsky A; Hochberg MC; Jaros MJ; Young CL,"Efficacy and safety of low-dose submicron diclofenac for the treatment of osteoarthritis pain: a 12 week, phase 3 study.",,,Set aside: ANCHORED stream (placebo/vehicle-only) - protocol amendment
208,4 ANCHORED,S03897,2011.0,"Schnitzer, T.J.; Hochberg, M.C.; Marrero, C.E.; Duquesroix, B.; Frayssinet, H.; Beekman, M.",Efficacy and Safety of Naproxcinod in Patients with Osteoarthritis of the Knee: A 53-Week Prospective Randomized Multicenter Study,,,Set aside: ANCHORED stream (placebo/vehicle-only) - protocol amendment
209,4 ANCHORED,S20336,2011.0,"Cryer, B.L.; Sostek, M.B.; Fort, J.G.; Svensson, O.; Hwang, C.; Hochberg, M.C.","A fixed-dose combination of naproxen and esomeprazole magnesium has comparable upper gastrointestinal tolerability to celecoxib in patients with osteoarthritis of the knee: Results from two randomized, parallel-group, placebo-controlled trials",,,Set aside: ANCHORED stream (placebo/vehicle-only) - protocol amendment
210,4 ANCHORED,S18006,2010.0,"Schnitzer T.J., Kivitz A., Frayssinet H., Duquesroix B.","Efficacy and safety of naproxcinod in the treatment of patients with osteoarthritis of the knee: A 13-week prospective, randomized, multicenter study",,,Set aside: ANCHORED stream (placebo/vehicle-only) - protocol amendment
211,4 ANCHORED,S17378,2010.0,"Hochberg, M.C.; Cryer, B.; Fort, J.G.; Hwang, C.; Svensson, O.; Sostek, M.B.","A fixed-dose combination of naproxen and esomeprazole magnesium (VIMOVO) has comparable efficacy and tolerability to celecoxib in patients with osteoarthritis (OA) of the knee: Results from two randomized, controlled trials",,,Set aside: ANCHORED stream (placebo/vehicle-only) - protocol amendment
212,4 ANCHORED,S07706,2009.0,"Paul, S.; Das, N.; Ghosh, S.",The effects of aceclofenac and nabumetone in osteoarthritis,,,Set aside: ANCHORED stream (placebo/vehicle-only) - protocol amendment
213,4 ANCHORED,S03748,2007.0,"Ergün, H.; Külcü, D.; Kutlay, Ş.; Bodur, H.; Tulunay, F.C.",Efficacy and safety of topical nimesulide in the treatment of knee osteoarthritis,,,Set aside: ANCHORED stream (placebo/vehicle-only) - protocol amendment
214,4 ANCHORED,S00569,2005.0,"Baer, P.A.; Thomas, L.M.; Shainhouse, Z.","Treatment of osteoarthritis of the knee with a topical diclofenac solution: A randomised controlled, 6-week trial [ISRCTN53366886]",,,Set aside: ANCHORED stream (placebo/vehicle-only) - protocol amendment
215,4 ANCHORED,S09809,2005.0,"Tuzun, S.; Uzun, H.; Aydin, S.; Dinc, A.; Sipahi, S.; Topcuoglu, M.A.; Yucel, R.; Belce, A.","Effects of flurbiprofen and tiaprofenic acid on oxidative stress markers in osteoarthritis: A prospective, randomized, open-label, active- and placebo-controlled trial",,,Set aside: ANCHORED stream (placebo/vehicle-only) - protocol amendment
216,4 ANCHORED,S16257,2005.0,"Niethard, F.U.; Gold, M.S.; Solomon, G.S.; Liu, J.-M.; Unkauf, M.; Albrecht, H.H.; Elkik, F.",Efficacy of topical diclofenac diethylamine gel in osteoarthritis of the knee,,,Set aside: ANCHORED stream (placebo/vehicle-only) - protocol amendment
217,4 ANCHORED,S18058,2005.0,"Lehmann, R.; Brzosko, M.; Kopsa, P.; Nischik, R.; Kreiss, A.; Thurston, H.; Litschig, S.; Sloan, V.S.","Efficacy and tolerability of lumiracoxib 100mg once daily in knee osteoarthritis: A 13-week, randomized, double-blind study vs. placebo and celecoxib",,,Set aside: ANCHORED stream (placebo/vehicle-only) - protocol amendment
218,4 ANCHORED,S20112,2004.0,"Pincus, T; Koch, G; Lei, H; Mangal, B; Sokka, T; Moskowitz, R; Wolfe, F; Gibofsky, A; Simon, L; Zlotnick, S; Fort, JG","Patient Preference for Placebo, Acetaminophen (paracetamol) or Celecoxib Efficacy Studies (PACES): two randomised, double blind, placebo controlled, crossover clinical trials in patients with knee or hip osteoarthritis",,,Set aside: ANCHORED stream (placebo/vehicle-only) - protocol amendment
219,4 ANCHORED,S10758,2003.0,"Moskowitz, R.W.; Sunshine, A.; Brugger, A.; Lefkowith, J.B.; Zhao, W.W.; Geis, G.S.",American pain society pain questionnaire and other pain measures in the assessment of osteoarthritis pain: a pooled analysis of three celecoxib pivotal studies.,,,Set aside: ANCHORED stream (placebo/vehicle-only) - protocol amendment
220,4 ANCHORED,S13079,2003.0,"Kozanoglu, Erkan; Basaran, Sibel; Guzel, Rengin; Guler-Uysal, Fusun",Short term efficacy of ibuprofen phonophoresis versus continuous ultrasound therapy in knee osteoarthritis.,,,Set aside: ANCHORED stream (placebo/vehicle-only) - protocol amendment
221,4 ANCHORED,S22284,2003.0,"Brühlmann, P.; Michel, B.A.","Topical diclofenac patch in patients with knee osteoarthritis: A randomized, double-blind, controlled clinical trial",,,Set aside: ANCHORED stream (placebo/vehicle-only) - protocol amendment
222,4 ANCHORED,S11672,2003.0,"徐思越,贺西京,李浩鹏,王栋",塞来昔布治疗膝关节骨性关节炎的临床效果及安全性观察,,,Set aside: ANCHORED stream (placebo/vehicle-only) - protocol amendment
223,4 ANCHORED,S15050,2002.0,"Sangdee, C.; Teekachunhatean, S.; Sananpanich, K.; Sugandhavesa, N.; Chiewchantanakit, S.; Pojchamarnwiputh, S.; Jayasvasti, S.",Electroacupuncture versus Diclofenac in symptomatic treatment of osteoarthritis of the knee: A randomized controlled trial,,,Set aside: ANCHORED stream (placebo/vehicle-only) - protocol amendment
224,4 ANCHORED,S14029,2002.0,"Kivitz, A.; Eisen, G.; Zhao, W.W.; Bevirt, T.; Recker, D.P.",Randomized placebo-controlled trial comparing efficacy and safety of valdecoxib with naproxen in patients with osteoarthritis,,,Set aside: ANCHORED stream (placebo/vehicle-only) - protocol amendment
225,4 ANCHORED,S21514,2002.0,"Gottesdiener, K.; Schnitzer, T.; Fisher, C.; Bockow, B.; Markenson, J.; Ko, A.; DeTora, L.; Curtis, S.; Geissler, L.; Gertz, B.J.","Results of a randomized, dose-ranging trial of etoricoxib in patients with osteoarthritis",,,Set aside: ANCHORED stream (placebo/vehicle-only) - protocol amendment
226,4 ANCHORED,S25328,2000.0,"Ehrich, E W; Davies, G M; Watson, D J; Bolognese, J A; Seidenberg, B C; Bellamy, N",Minimal perceptible clinical improvement with the Western Ontario and McMaster Universities osteoarthritis index questionnaire and global assessments in patients with osteoarthritis.,,,Set aside: ANCHORED stream (placebo/vehicle-only) - protocol amendment
227,4 ANCHORED,S02581,2000.0,"Day, R.; Morrison, B.; Luza, A.; Castaneda, O.; Strusberg, A.; Nahir, M.; Helgetveit, K.B.; Kress, B.; Daniels, B.; Bolognese, J.; Krupa, D.; Seidenberg, B.; Ehrich, E.",A randomized trial of the efficacy and tolerability of the COX-2 inhibitor rofecoxib vs ibuprofen in patients with osteoarthritis,,,Set aside: ANCHORED stream (placebo/vehicle-only) - protocol amendment
228,4 ANCHORED,S02101,1999.0,"Zhao, S.Z.; McMillen, J.I.; Markenson, J.A.; Dedhiya, S.D.; Zhao, W.W.; Osterhaus, J.T.; Yu, S.S.",Evaluation of the functional status aspects of health-related quality of life of patients with osteoarthritis treated with celecoxib,,,Set aside: ANCHORED stream (placebo/vehicle-only) - protocol amendment
229,4 ANCHORED,S12834,1999.0,"Davies, G.M.; Watson, D.J.; Bellamy, N.","Comparison of the responsiveness and relative effect size of the Western Ontario and McMaster Universities Osteoarthritis Index and the short-form medical outcomes study survey in a randomized, clinical trial of osteoarthritis patients",,,Set aside: ANCHORED stream (placebo/vehicle-only) - protocol amendment
230,4 ANCHORED,S22858,1999.0,"Grace, D.; Rogers, J.; Skeith, K.; Anderson, K.","Topical diclofenac versus placebo: A double blind, randomized clinical trial in patients with osteoarthritis of the knee",,,Set aside: ANCHORED stream (placebo/vehicle-only) - protocol amendment
231,4 ANCHORED,S07966,1996.0,"Yoo, B; Choi, SW; Lee, MS; Moon, HB",Treatment of Knee Osteoarthritis with Ketoprofen (Ketotop): a Double-blind Placebo-controlled Randomized Trial,,,Set aside: ANCHORED stream (placebo/vehicle-only) - protocol amendment
232,4 ANCHORED,S01513,1995.0,"Buckland-Wright, J C; MacFarlane, D G; Lynch, J A; Jasani, M K",Quantitative microfocal radiography detects changes in OA knee joint space width in patients in placebo controlled trial of NSAID therapy.,,,Set aside: ANCHORED stream (placebo/vehicle-only) - protocol amendment
233,4 ANCHORED,S09038,1992.0,"Berry, H.; Bird, H.A.; Black, C.; Blake, D.R.; Freeman, A.M.; Golding, D.N.; Hamilton, E.B.D.; Jayson, M.I.V.; Kidd, B.; Kohn, H.; Million, R.; Ollier, S.; Smith, I.; Williams, B.D.; Woolf, A.D.","A double blind, multicentre, placebo controlled trial of lornoxicam in patients with osteoarthritis in the hip and knee",,,Set aside: ANCHORED stream (placebo/vehicle-only) - protocol amendment
234,4 ANCHORED,S18089,1992.0,Carroll GJ; Bell MC; Laing BA; McCappin S; Blumer C; Leslie A,Reduction of the concentration and total amount of keratan sulphate in synovial fluid from patients with osteoarthritis during treatment with piroxicam.,,,Set aside: ANCHORED stream (placebo/vehicle-only) - protocol amendment
235,4 ANCHORED,S06072,1986.0,"Ward, J.R.",Efficacy of diclofenac in osteoarthritis experience in the United States,,,Set aside: ANCHORED stream (placebo/vehicle-only) - protocol amendment
236,4 ANCHORED,S01042,1985.0,"Lee, P.; Davis, P.; Prat, A.",The efficacy of diflunisal in osteoarthritis of the knee. A Canadian multicenter study,,,Set aside: ANCHORED stream (placebo/vehicle-only) - protocol amendment
237,4 ANCHORED,S03477,1983.0,"Shipley, M.; Berry, H.; Broster, G.",Controlled trial of homoeopathic treatment of osteoarthritis,,,Set aside: ANCHORED stream (placebo/vehicle-only) - protocol amendment
238,4 ANCHORED,S13704,1982.0,"Berry, H.; Bloom, B.; Hamilton, E.B.D.","A comparative study of piroxicam (Feldene), diclofenac and placebo in osteoarthritis",,,Set aside: ANCHORED stream (placebo/vehicle-only) - protocol amendment
239,4 ANCHORED,S18940,1982.0,"Berry, H.; Bloom, B.; Hamilton, E.B.D.",Treatment of osteoarthritis. A dose-ranging study of tiaprofenic acid (Surgam),,,Set aside: ANCHORED stream (placebo/vehicle-only) - protocol amendment
240,4 ANCHORED,S18480,1980.0,"Lussier, A.; Elie, R.; Gareau, J.",A placebo-controlled trial of floctafenine (Idarac) against enteric-coated acetylsalicylic acid in osteoarthritic patients,,,Set aside: ANCHORED stream (placebo/vehicle-only) - protocol amendment
241,4 ANCHORED,S01630,1978.0,"Blechman, W; Willkens, R; Boncaldo, G L; Hoffmeister, R T; Lockie, L M; Multz, C",Naproxen in osteoarthrosis. Double-blind crossover trial.,,,Set aside: ANCHORED stream (placebo/vehicle-only) - protocol amendment
242,4 ANCHORED,S16022,2025.0,Masjedi M; Helforoush MA; Rad KR; Mohammadi-Samani S; Montahaei T; Helforoush Z; Amini A,"Enhanced Transdermal Delivery of Piroxicam via Nanocarriers, Formulation, Optimization, Characterization, Animal Studies and Randomized Double-Blind Clinical Trial.",,,Set aside: ANCHORED stream (placebo/vehicle-only) - protocol amendment
243,4 ANCHORED,S06946,2022.0,"Li, T.; Guo, M.; Zhang, W.",Comparison of Therapeutic Effects of Topical Application of Diclofenac Sodium Nanoparticles and Conventional Placebo on Knee Osteoarthritis,,,Set aside: ANCHORED stream (placebo/vehicle-only) - protocol amendment
244,4 ANCHORED,S04875,2018.0,"Dehghan, M.; Abdoli-Tafti, A.; Ganji, F.; Ghaedi, R.",Comparison the effects of ginger (Zingiber officinale) jelly and piroxicam jelly on pain of knee osteoarthritis,Dehghan 2018 (ginger jelly),main record,RECLASSIFY ANCHORED -> COMBINATION; download
245,4 ANCHORED,S19192,2016.0,"Zhao, J.; Wang, Q.; Wu, J.; Shi, X.; Qi, Q.; Zheng, H.; Lang, S.; Yang, L.; Zhang, D.","Therapeutic effects of low-frequency phonophoresis with a Chinese herbal medicine versus sodium diclofenac for treatment of knee osteoarthritis: a double-blind, randomized, placebo-controlled clinical trial",,,Set aside: ANCHORED stream (placebo/vehicle-only) - protocol amendment
246,4 ANCHORED,S10427,2015.0,"Shoara, R; Hashempur, MH; Ashraf, A; Salehi, A; Dehshahri, S; Habibagahi, Z",Efficacy and safety of topical Matricaria chamomilla L. (chamomile) oil for knee osteoarthritis: A randomized controlled clinical trial,,,Set aside: ANCHORED stream (placebo/vehicle-only) - protocol amendment
247,4 ANCHORED,S11044,2014.0,"Oktayoǧlu, P.; Gür, A.; Yardimeden, I.; Çaǧlayan, M.; Çevik, F.; Bozkurt, M.; Em, S.; Uçar, D.; Nas, K.",Comparison of the efficacy of phonophoresis and conventional ultrasound therapy in patients with primary knee osteoarthritis,,,Set aside: ANCHORED stream (placebo/vehicle-only) - protocol amendment
248,4 ANCHORED,S14392,2013.0,"Mattiello-Sverzut, A.C.; Petersen, S.G.; Kjaer, M.; Mackey, A.L.",Morphological adaptation of muscle collagen and receptor of advanced glycation end product (RAGE) in osteoarthritis patients with 12 weeks of resistance training: Influence of anti-inflammatory or glucosamine treatment,,,Set aside: ANCHORED stream (placebo/vehicle-only) - protocol amendment
249,4 ANCHORED,S09281,2013.0,"Boyer, K.A.; Andiracchi, K.; Andriacchi, T.P.",Interactions of joint kinematics and pharmacologic treatment for knee osteoarthritis pain,,,Set aside: ANCHORED stream (placebo/vehicle-only) - protocol amendment
250,4 ANCHORED,S01089,2012.0,"Boyer, KA; Angst, MS; Asay, J; Giori, NJ; Andriacchi, TP",Sensitivity of gait parameters to the effects of anti-inflammatory and opioid treatments in knee osteoarthritis patients,,,Set aside: ANCHORED stream (placebo/vehicle-only) - protocol amendment
251,4 ANCHORED,S04591,2009.0,"Deniz, S; Topuz, O; Atalay, NS; Sarsan, A; Yildiz, N; Findikoglu, G; Karaca, O; Ardic, F",Comparison of the Effectiveness of Pulsed and Continuous Diclofenac Phonophoresis in Treatment of Knee Osteoarthritis,,,Set aside: ANCHORED stream (placebo/vehicle-only) - protocol amendment
252,4 ANCHORED,S19277,2005.0,"Detrembleur, C; De Nayer, J; van den Hecke, A","Celecoxib improves the efficiency of the locomotor mechanism in patients with knee osteoarthritis. A randomised, placebo, double-blind and cross-over trial",,,Set aside: ANCHORED stream (placebo/vehicle-only) - protocol amendment
253,4 ANCHORED,S08457,2005.0,"Nunes, C.P.; De Oliveira, P.C.; De Oliveira, J.M.; Mibielli, M.A.; Cohen, J.C.; Nunes, F.P.; Ribeiro, M.G.; Geller, M.","A double-blind, comparative, placebo-controlled study in two arms of the safety and efficacy of the anti-inflammatory and analgesic action of the association of cyanocobalamin, pyridoxine chlorihydrate, thiamine mononitrate and diclofenac sodium in tablets, in patients with osteoarthritis",,,Set aside: ANCHORED stream (placebo/vehicle-only) - protocol amendment
254,4 ANCHORED,S08143,1983.0,Andelman SY,"Etodolac, aspirin, and placebo in patients with degenerative joint disease: a twelve-week study.",,,Set aside: ANCHORED stream (placebo/vehicle-only) - protocol amendment
255,4 ANCHORED,S07919,1977.0,"Liyanage, S.P.; Steele, C.E.",Tolmetin in osteoarthrosis of the hip and knee: Double-blind crossover trials,,,Set aside: ANCHORED stream (placebo/vehicle-only) - protocol amendment
256,4 ANCHORED,S24141,1976.0,"Diamond, H.S.",Double-blind crossover study of fenoprofen and aspirin in osteoarthritis.,,,Set aside: ANCHORED stream (placebo/vehicle-only) - protocol amendment
257,4 ANCHORED,S06721,1983.0,Job-Deslandre C; Reinberg A; Delbarre F,Chronoeffectiveness of indomethacin in four patients suffering from an evolutive osteoarthritis of hip or knee.,,,Set aside: ANCHORED stream (placebo/vehicle-only) - protocol amendment
258,4 ANCHORED,S18519,2018.0,"Goulet, Joseph L; Buta, Eugenia; Brennan, Matthew; Heapy, Alicia; Fraenkel, Liana","Discontinuing a non-steroidal anti-inflammatory drug (NSAID) in patients with knee osteoarthritis: Design and protocol of a placebo-controlled, noninferiority, randomized withdrawal trial.",,,Set aside: ANCHORED stream (placebo/vehicle-only) - protocol amendment
259,4 ANCHORED,S02775,2015.0,"Altman, R.; Hochberg, M.; Gibofsky, A.; Kwong, L.; Young, C.",Low-dose solumatrix meloxicam demonstrates low systemic exposure and efficacy in patients with osteoarthitis pain in clinical studies,,,Set aside: ANCHORED stream (placebo/vehicle-only) - protocol amendment
260,4 ANCHORED,S11379,2014.0,,"A Phase 2, Multicenter, Randomized, Double Blind, Placebo Controlled, Parallel Group, Dose Range Finding Study to Evaluate the Efficacy and Safety of X0002 Spray Versus Placebo in Subjects With Osteoarthritis",,,Set aside: ANCHORED stream (placebo/vehicle-only) - protocol amendment
261,4 ANCHORED,S01735,2007.0,,Proof-of Concept Study to Evaluate the Safety and Analgesic Efficacy of Topical 3%-Diclofenac-Nano-Emulsion Cream Versus Placebo for Knee Osteoarthritis,,,Set aside: ANCHORED stream (placebo/vehicle-only) - protocol amendment
262,4 ANCHORED,S15546,2024.0,,"A Randomized, Double-Blind, Multi-Center, Placebo-Controlled, Trial to Evaluate the Efficacy and Safety of Once Daily Diclofenac Gel AMZ001 in the Treatment of Pain and Symptoms of Knee Osteoarthritis",,,Set aside: ANCHORED stream (placebo/vehicle-only) - protocol amendment
263,4 ANCHORED,S06285,2022.0,,"A Phase 3, Multicenter, Double-blind and Placebo and Active Control Study to Evaluate the Efficacy and Safety of X0002 Spray in Treatment of Subjects With Osteoarthritis of the Knee",,,Set aside: ANCHORED stream (placebo/vehicle-only) - protocol amendment
264,4 ANCHORED,S16491,2021.0,,"A Randomized, Double-Blind, Parallel-Arm Study Comparing the Efficacy of Investigational Product ""Ibuprofen Modified-Release Tablets 800 mg"" and Placebo in Patients With Chronic Pain Related to Osteoarthritis of the Knee",,,Set aside: ANCHORED stream (placebo/vehicle-only) - protocol amendment
265,4 ANCHORED,S03138,2017.0,,"A Randomized, Double Blind, Three-arm, Parallel, Placebocontrolled, Clinical Study to Evaluate the Bioequivalence Using Clinical Endpoint of Diclofenac Sodium Gel, 1% (Mylan Inc.) to Voltaren® Gel (Diclofenac Sodium Topical Gel) 1% (Novartis Consumer Health, Inc.) in Patients With Osteoarthritis (OA) of the Knee",,,Set aside: ANCHORED stream (placebo/vehicle-only) - protocol amendment
266,4 ANCHORED,S08880,2017.0,,"A Phase 3 Randomized, Double-blind, Multi-dose, Placebo and Naproxen-Controlled Study to Evaluate the Efficacy and Safety of Fasinumab in Patients With Pain Due to Osteoarthritis of the Knee or Hip",,,Set aside: ANCHORED stream (placebo/vehicle-only) - protocol amendment
267,4 ANCHORED,S12084,2017.0,,"A Phase 3, Multicenter, Randomized, Placebo-controlled, Double-blind, 22-Week and 30-Week Open-label Study to Evaluate the Efficacy, Safety, and Pharmacokinetics of X0002 Spray in Relief of the Pain for Subjects With Osteoarthritis of the Knee",,,Set aside: ANCHORED stream (placebo/vehicle-only) - protocol amendment
268,4 ANCHORED,S14570,2017.0,,"A 4-week, Randomized, Double-blind, Multicenter, Placebo-controlled Phase 2 Study to Evaluate the Efficacy and Safety of HP-5000 in Subjects With Osteoarthritis (OA) of the Knee",,,Set aside: ANCHORED stream (placebo/vehicle-only) - protocol amendment
269,4 ANCHORED,S05258,2016.0,,"A Double-Blind, Randomized, Placebo-Controlled, Parallel Group, Three-Arm, Multi-Site Study to Evaluate the Clinical Equivalence of Diclofenac Sodium Topical Gel 1% (Hi-Tech Pharmacal Co., Inc.) With Voltaren® Gel (Diclofenac Sodium Topical Gel) 1% (Novartis) in Patients With Osteoarthritis of the Knee",,,Set aside: ANCHORED stream (placebo/vehicle-only) - protocol amendment
270,4 ANCHORED,S13949,2015.0,,"A Randomized, Double-Blind, Placebo-Controlled, Parallel-Design, Multiple-Site Clinical Study to Evaluate the Therapeutic Equivalence of Diclofenac Sodium Gel, 1% (Glenmark Pharmaceuticals Ltd) to Voltaren® Gel (Diclofenac Sodium Topical Gel) 1% (Novartis Consumer Health, Inc) in Patients With Osteoarthritis (OA) of the Knee",,,Set aside: ANCHORED stream (placebo/vehicle-only) - protocol amendment
271,4 ANCHORED,S00024,2014.0,,"A Multicentre, Comparative, Randomised, Double-blind, Double-dummy Clinical Trial on the Efficacy and Safety of Condrosulf Versus Celebrex and Versus a Placebo in the Treatment of Knee Osteoarthritis",,,Set aside: ANCHORED stream (placebo/vehicle-only) - protocol amendment
272,4 ANCHORED,S00685,2014.0,,"A Multi-Center, Double-Blind, Vehicle-Controlled, Parallel-Group Study Comparing a Generic Diclofenac Sodium Topical Gel, 1% to Voltaren® Gel (Diclofenac Sodium Topical Gel) 1% in the Treatment of Subjects With Osteoarthritis of the Knee",,,Set aside: ANCHORED stream (placebo/vehicle-only) - protocol amendment
273,4 ANCHORED,S11604,2013.0,,"A Randomized, Multicenter, Double-Blind, Parallel-Group Study to Assess the Efficacy and Safety of Impracor (Ketoprofen 10% Cream) Compared With Placebo in the Treatment of Acute Pain (Flare) Associated With Osteoarthritis of the Knee",,,Set aside: ANCHORED stream (placebo/vehicle-only) - protocol amendment
274,4 ANCHORED,S18659,2013.0,,"A 4-week, Randomized, Double-blind, Multi-center, Vehicle-controlled, Parallel Group Study to Assess the Efficacy and Safety of Diclofenac Diethylamine 2.32% Gel for the Relief of Signs and Symptoms in Patients With Knee Osteoarthritis",,,Set aside: ANCHORED stream (placebo/vehicle-only) - protocol amendment
275,4 ANCHORED,S20750,2013.0,,"For 12 Weeks, the Multi-center, Randomized, Double-blinded, Clinical Study to Evaluate the Efficacy and Safety of Entelon Tab. 150mg Compared With Celebrex Capsule in Patients With Osteoarthritis of Knee (Phase III)",,,Set aside: ANCHORED stream (placebo/vehicle-only) - protocol amendment
276,4 ANCHORED,S07859,2011.0,,"A DOUBLE-BLIND, PLACEBO-CONTROLLED, MULTICENTER, PARALLEL GROUP STUDY OF THE EFFECT OF MELOXICAM IN MAINLAND CHINESE SUBJECTS WITH OSTEOARTHRITIS (OA) OF THE KNEE",,,Set aside: ANCHORED stream (placebo/vehicle-only) - protocol amendment
277,4 ANCHORED,S22815,2011.0,,"Maxi-Analgesic OA Study: Multicentre, Double-blind, Placebo-controlled, Randomized, Parallel Group Comparison of the Effects of Maxigesic 325 With Acetaminophen or Ibuprofen on Patients With Pain From Osteoarthritis",,,Set aside: ANCHORED stream (placebo/vehicle-only) - protocol amendment
278,4 ANCHORED,S01343,2008.0,,"A Randomized, Multicenter, Double-Blind, Placebo-Controlled, Four-Week Study to Assess the Efficacy and Safety of HKT-500 in Subjects With Pain Caused by Mild to Moderate Osteoarthritis of the Knee",,,Set aside: ANCHORED stream (placebo/vehicle-only) - protocol amendment
279,4 ANCHORED,S03750,2008.0,,"A Dose-Ranging Study Of Valdecoxib 5 Mg, 10 Mg, And 20 Mg QD Versus Placebo In Patients With OA Of The Knee",,,Set aside: ANCHORED stream (placebo/vehicle-only) - protocol amendment
280,4 ANCHORED,S09583,2008.0,,"A Double-Blind, Placebo-Controlled, Randomized, Crossover Pilot Study of the Efficacy of Celecoxib 200 mg QD in Relieving Pain and Walking Dysfunction in Osteoarthritis of the Knee.",,,Set aside: ANCHORED stream (placebo/vehicle-only) - protocol amendment
281,4 ANCHORED,S14687,2008.0,,"A Double-Blind, Placebo Controlled Study of the Efficacy and Tolerability of Once Daily Celebrex (Celecoxib) vs. Placebo in the Treatment of Subjects With Osteoarthritis of the Knee Non-Responsive to Naproxen and Ibuprofen",,,Set aside: ANCHORED stream (placebo/vehicle-only) - protocol amendment
282,4 ANCHORED,S21142,2008.0,,"A Double-Blind, Placebo-Controlled Study of the Efficacy and Tolerability of Once Daily Celebrex® (Celecoxib) vs. Placebo in the Treatment of Subjects With Osteoarthritis of the Knee Non-Responsive to Naproxen and Ibuprofen",,,Set aside: ANCHORED stream (placebo/vehicle-only) - protocol amendment
283,4 ANCHORED,S21519,2008.0,,"A Randomized, Multicenter, Double-Blind, Double-Dummy Study Comparing the Efficacy and Tolerability of Once Daily Celebrex (Celecoxib) and Naproxen 500 mg Twice Daily in the 6-month Treatment of Subjects With Osteoarthritis of the Knee",,,Set aside: ANCHORED stream (placebo/vehicle-only) - protocol amendment
284,4 ANCHORED,S07329,2007.0,,"A Randomized, Double-Blind, 12-Week Study to Evaluate the Efficacy of ThermoProfen™ in the Treatment of Patients With Mild to Moderate Pain Associated With Osteoarthritis of the Knee (ZMK-301)",,,Set aside: ANCHORED stream (placebo/vehicle-only) - protocol amendment
285,4 ANCHORED,S14604,2007.0,,"A Phase 3, 53 Weeks Study on Analgesic Efficacy and Safety of Naproxcinod (HCT 3012): 26-Week, Randomized, Parallel-Group, Double-Blind, Placebo (13 Weeks)- and Naproxen (26 Weeks)-Controlled, Multicenter Study of Naproxcinod (375 mg Bid and 750 mg Bid) With a 26-Week Naproxen-Controlled Safety Follow-up in Subjects With Osteoarthritis of the Knee, and a 1-week Post-treatment Safety Follow-up",,,Set aside: ANCHORED stream (placebo/vehicle-only) - protocol amendment
286,4 ANCHORED,S12528,2006.0,,"A Phase III Study of the Efficacy, Tolerability and Safety of the Ketoprofen Topical Patch, 20% (KTP) in the Treatment of Pain Associated With Osteoarthritis Flare of the Knee, Including a Randomized, Double-Blind, Placebo-Controlled, Parallel Group Phase Followed by an Open-Label Treatment Phase",,,Set aside: ANCHORED stream (placebo/vehicle-only) - protocol amendment
287,4 ANCHORED,S06808,2005.0,,"Randomized, Double-Blind, Parallel, Placebo Controlled 4 Week Proof-of-Concept Study to Evaluate the Safety and Efficacy of Transdermal Ketoprofen When Administered With Controlled Heat in Patients With Mild to Moderate OA Pain of the Knee",,,Set aside: ANCHORED stream (placebo/vehicle-only) - protocol amendment
288,4 ANCHORED,S19764,2005.0,,"A 12-Week, Randomized, Placebo- and Active-Comparator-Controlled, Parallel-Group, Double-Blind Study to Assess the Safety and Efficacy of Etoricoxib 30 mg Versus Ibuprofen 2400 mg in Patients With Osteoarthritis (Study 1)",,,Set aside: ANCHORED stream (placebo/vehicle-only) - protocol amendment
289,4 ANCHORED,S07100,2022.0,,N of 1 Pilot Study of Nonsteroidal Anti-inflammatory Drugs in People With Painful Knee Osteoarthritis,,,Set aside: ANCHORED stream (placebo/vehicle-only) - protocol amendment
290,4 ANCHORED,S18603,2018.0,,A Pilot Study Assessing the Treatment Responsiveness of a Novel Osteoarthritis Stiffness Scale,,,Set aside: ANCHORED stream (placebo/vehicle-only) - protocol amendment
291,4 ANCHORED,S10530,2016.0,,"A Proof-of-Concept, Randomized, Double Blind, Placebo and Active Control, 3-Period, Crossover Design Study Assessing NEO6860 in Patients With Pain Associated With Osteoarthritis of the Knee",,,Set aside: ANCHORED stream (placebo/vehicle-only) - protocol amendment
292,4 ANCHORED,S05038,2014.0,,"A Phase 2, Randomized, Double-Blind, Placebo and Active-Controlled Trial of LY2951742 in Patients With Mild to Moderate Osteoarthritis Pain of the Knee",,,Set aside: ANCHORED stream (placebo/vehicle-only) - protocol amendment
293,4 ANCHORED,S02812,2013.0,,A Study to Assess the Single Dose Pharmacokinetics of Two and Proof of Efficacy of One New Etoricoxib Gel Formulation in Osteoarthritis Patients,,,Set aside: ANCHORED stream (placebo/vehicle-only) - protocol amendment
294,4 ANCHORED,S19691,2010.0,"Barthel, HR; Haselwood, D; Longley, S; Gold, MS; Altman, RD","Randomized Controlled Trial of Diclofenac Sodium Gel in Knee Osteoarthritis (vol 39, pg 203, 2009)",,,Set aside: ANCHORED stream (placebo/vehicle-only) - protocol amendment
295,4 ANCHORED,S00512,2007.0,,"A Multicentre, Randomised, Double-Blind, Placebo and Naproxen (500mg) BID Controlled, Phase II Proof of Concept, Parallel Group Study to Assess the Efficacy and Safety of Oral GW842166 at Two Dose Levels Administered for 4 Weeks in Adults With Osteoarthritis of the Knee",,,Set aside: ANCHORED stream (placebo/vehicle-only) - protocol amendment
296,4 ANCHORED,S01022,2007.0,"Stucki, G; Rother, M","Randomized, double-blind, placebo-controlled study of three dosages of epicutaneously applied IDEA-033 (ketoprofen in transfersome®) in patients with osteoarthritis of the knee",,,Set aside: ANCHORED stream (placebo/vehicle-only) - protocol amendment
297,4 ANCHORED,S03210,2005.0,,"A Phase III, 12-week, Multicentre, Double-Blind, Double-Dummy, Randomised, Placebo - and Active Comparator - Contolled, Parallel Group Study to Investigate the Efficacy and Safety of GW406381 XXmg and YYmg Administered Orally Once Daily, in Adults With Osteoarthritis of the Knee",,,Set aside: ANCHORED stream (placebo/vehicle-only) - protocol amendment
298,4 ANCHORED,S00177,2005.0,"Guillemin, F; Emery, P; Kvien, TK; Stucki, G; Pavesi, M; Fortea, J","Efficacy of aceclofenac and celecoxib on functioning and health-related quality of life (QOL) in patients with knee osteoarthritis (OA): A 6-week double-blind, placebo controlled, randomized study",,,Set aside: ANCHORED stream (placebo/vehicle-only) - protocol amendment
299,4 ANCHORED,S16126,2005.0,"Zhang, W; Doherty, M; Thomas, L; Shainhouse, J",Efficacy of topical diclofenac in the treatment of knee osteoarthritis - Results from four long term (4 to 12 weeks) randomised controlled trials,,,Set aside: ANCHORED stream (placebo/vehicle-only) - protocol amendment
300,4 ANCHORED,S07778,2004.0,,"A Randomized, Placebo-Controlled, Parallel-Group, Double -Blind Study to Evaluate the Safety and Efficacy of Rofecoxib 12.5 mg and Celecoxib 200 mg in Patients With Osteoarthritis of the Knee",,,Set aside: ANCHORED stream (placebo/vehicle-only) - protocol amendment
301,4 ANCHORED,S09661,2003.0,"Fleischmann, R; Moore, A; Alberighi, ODC","Osteoarthritis research society international (OARSI) responder rates in patients with knee osteoarthritis receiving lumiracoxib, celecoxib or placebo.",,,Set aside: ANCHORED stream (placebo/vehicle-only) - protocol amendment
302,4 ANCHORED,S08148,2003.0,"Espinoza, L; Cohen, S; Moskowitz, R; Bahrt, K","Celecoxib in Hispanic-Americans: Efficacy, safety, and tolerability compared to naproxen or placebo in the treatment of osteoarthritis of the knee",,,Set aside: ANCHORED stream (placebo/vehicle-only) - protocol amendment
303,4 ANCHORED,S23331,2003.0,"Yocum, DE; Musoles, S; Paez, A; Segarra, R; McGoldrick, K; Waller, P","Results of a phase II, double blind, placebo controlled trial with an active comparator using LAS 34475, a highly selective COX-2 inhibitor in osteoarthritis of the knee.",,,Set aside: ANCHORED stream (placebo/vehicle-only) - protocol amendment
304,4 ANCHORED,S16337,2001.0,"Baer, P; Williams, K; Markus, G; Shainhouse, JZ","A multi-centre, double-blinded, placebo-controlled, clinical trial of diclofenac topical lotion (Pennsaid®) in the treatment of the symptoms of primary osteoarthritis of the knee",,,Set aside: ANCHORED stream (placebo/vehicle-only) - protocol amendment
305,4 ANCHORED,S07009,1994.0,"Lund, B; Distel, M; Bluhmki, E",A double-blind placebo controlled study of three different doses of meloxicam in patients with osteoarthritis (OA) of the knee,,,Set aside: ANCHORED stream (placebo/vehicle-only) - protocol amendment
306,4 ANCHORED,S09274,1991.0,"van Akkeren, F; van der Schaaf, Tj; Zelvelder, WG",Tenoxicam versus placebo: a double-blind comparative trial of coxarthrosis and/or gonarthrosis,,,Set aside: ANCHORED stream (placebo/vehicle-only) - protocol amendment
307,4 ANCHORED,S17205,1990.0,"De Moor, M; Jolie, P; Schreurs, F",Double blind comparison of tenoxicam diclofenac Na and placebo in patients suffering from coxarthrosis and /or gonarthrosis,,,Set aside: ANCHORED stream (placebo/vehicle-only) - protocol amendment
308,4 ANCHORED,S00142,1988.0,"Kurokawa, T",Clinical Investigation of FP-M (Flurbiprofen Cataplasm) on Osteoarthritis of the Knee: a Double Blind Study with Cataplasm without Flurbiprofen,,,Set aside: ANCHORED stream (placebo/vehicle-only) - protocol amendment
309,4 ANCHORED,S11159,1987.0,"AKASAKA, Keijiro",Clinical Evaluation of HKP-210 (Ketoprofen Adhesive Plaster) in Osteoarthritis of the Knee: a Double-Blind Comparative Study Using the Plaster Base as Control,,,Set aside: ANCHORED stream (placebo/vehicle-only) - protocol amendment
310,4 ANCHORED,S07851,1984.0,"Kageyama, T",Pharmaceutical Evaluation of KPG-200 (Ketoprofen Ointment) on Arthrosis Deformans: double Blind Controlled Study Compared with KPG-200 Base,,,Set aside: ANCHORED stream (placebo/vehicle-only) - protocol amendment
311,4 ANCHORED,S20747,1979.0,"Yamamoto, S.; Kodama, T.; Hasegawa, Y.; Saeki, K.",Clinical evaluation of indomethacin ointment on osteoarthritis: Evaluation by a multicenter double-blind trial,,,Set aside: ANCHORED stream (placebo/vehicle-only) - protocol amendment
312,4 ANCHORED,S18450,1977.0,"Karakaya, M.","A double blind comparison of a new anti inflammatory substance, proquazone, with indomethacin and placebo in osteoarthritis of the knee joint",,,Set aside: ANCHORED stream (placebo/vehicle-only) - protocol amendment
